lat,lon,ele,time,cum_dist,cum_up,cum_down,cum_time
24.39714109871148,121.30737988398823,1882.498978820584,2022-11-12 21:57:54+00:00,0.0,0.0,0.0,0 days 00:00:00
24.39688546227309,121.30741893402715,1897.6333592996289,2022-11-12 21:58:15+00:00,28.73150024356892,15.134380479044921,0.0,0 days 00:00:21
24.397094810744218,121.30798975219815,1890.0618045518288,2022-11-12 22:00:35+00:00,91.1171849344982,15.134380479044921,7.571554747800064,0 days 00:02:41
24.39759588765758,121.30771874836664,1895.8934357705807,2022-11-12 22:01:40+00:00,153.29618262068124,20.96601169779683,7.571554747800064,0 days 00:03:46
24.39792048787376,121.30788505120738,1894.353929583425,2022-11-12 22:04:15+00:00,193.17034759480345,20.96601169779683,9.11106093495573,0 days 00:06:21
24.398622301900687,121.30806110379872,1910.353805590894,2022-11-12 22:05:31+00:00,273.30905578939456,36.965887705265686,9.11106093495573,0 days 00:07:37
24.399074360270284,121.30828284094557,1911.4671587326773,2022-11-12 22:06:27+00:00,328.4247340199947,38.07924084704905,9.11106093495573,0 days 00:08:33
24.399452322673625,121.30809552235895,1916.4499903990493,2022-11-12 22:07:22+00:00,374.58646505424696,43.06207251342107,9.11106093495573,0 days 00:09:28
24.39981294693571,121.30771627502388,1924.1854795770776,2022-11-12 22:08:10+00:00,430.1722759249725,50.797561691449346,9.11106093495573,0 days 00:10:16
24.400746489267853,121.3072525736265,1931.5356083765528,2022-11-12 22:10:02+00:00,544.2318451982408,58.14769049092456,9.11106093495573,0 days 00:12:08
24.400856171605795,121.30711635990428,1934.8611624270764,2022-11-12 22:10:22+00:00,562.6645783595014,61.47324454144814,9.11106093495573,0 days 00:12:28
24.400983253209784,121.3069699851562,1938.8965061120848,2022-11-12 22:10:48+00:00,583.1664031210877,65.5085882264566,9.11106093495573,0 days 00:12:54
24.40134770886233,121.30686360363208,1947.8198611374687,2022-11-12 22:11:47+00:00,625.1465119950553,74.4319432518405,9.11106093495573,0 days 00:13:53
24.401591671921945,121.30691935575764,1947.7217972973208,2022-11-12 22:12:14+00:00,652.8863674051205,74.4319432518405,9.209124775103646,0 days 00:14:20
24.401865171335395,121.3067905924631,1912.609282100192,2022-11-12 22:12:52+00:00,686.0126401522831,74.4319432518405,44.32163997223233,0 days 00:14:58
24.402478892205018,121.3071391009412,1950.938743351417,2022-11-12 22:14:13+00:00,762.9266665242351,112.76140450306548,44.32163997223233,0 days 00:16:19
24.40270716185501,121.30715623875878,1958.0970014185823,2022-11-12 22:14:37+00:00,788.3969660836896,119.91966257023068,44.32163997223233,0 days 00:16:43
24.40340257549782,121.30725656227044,1967.480460436556,2022-11-12 22:15:47+00:00,866.4756210000292,129.30312158820448,44.32163997223233,0 days 00:17:53
24.403743423485796,121.30722186478532,1947.927404636428,2022-11-12 22:16:25+00:00,904.5815082924702,129.30312158820448,63.87469577236038,0 days 00:18:31
24.40483254630753,121.30739835848816,1984.321919702484,2022-11-12 22:18:55+00:00,1027.1357220334296,165.69763665426035,63.87469577236038,0 days 00:21:01
24.405027293781693,121.30750157663864,1987.9991367261264,2022-11-12 22:19:13+00:00,1051.2080682030885,169.37485367790282,63.87469577236038,0 days 00:21:19
24.405153027121564,121.30764492086637,1982.4745663920744,2022-11-12 22:21:05+00:00,1071.383882656473,169.37485367790282,69.39926610641237,0 days 00:23:11
24.40504670584693,121.30766254537232,1981.9520408963,2022-11-12 22:23:36+00:00,1083.353659211611,169.37485367790282,69.92179160218666,0 days 00:25:42
24.405118878785643,121.30757009010412,1984.6783321183864,2022-11-12 22:24:49+00:00,1095.698430790685,172.1011448999891,69.92179160218666,0 days 00:26:55
24.405060555249552,121.30755374053332,1985.2899536873429,2022-11-12 22:25:40+00:00,1102.3992178322053,172.71276646894557,69.92179160218666,0 days 00:27:46
24.4052500359482,121.3079211724835,1972.759102686195,2022-11-12 22:26:44+00:00,1145.204690057911,172.71276646894557,82.45264260333443,0 days 00:28:50
24.40521636681648,121.3080649589343,1967.759565995416,2022-11-12 22:27:30+00:00,1160.2549371558587,172.71276646894557,87.45217929411342,0 days 00:29:36
24.40535193628321,121.30842551734136,1960.4137643862723,2022-11-12 22:28:17+00:00,1199.7989028687318,172.71276646894557,94.79798090325721,0 days 00:30:23
24.405535992726424,121.30876569458592,1962.940586495573,2022-11-12 22:28:54+00:00,1239.9113059594724,175.23958857824618,94.79798090325721,0 days 00:31:00
24.405886288965707,121.30866076324742,1967.489324312082,2022-11-12 22:29:52+00:00,1280.3310753413427,179.78832639475536,94.79798090325721,0 days 00:31:58
24.406199262690915,121.30877082638058,1975.0280617479032,2022-11-12 22:30:37+00:00,1316.9142529716955,187.32706383057644,94.79798090325721,0 days 00:32:43
24.40670952619692,121.30899939413096,1984.4459186611705,2022-11-12 22:31:48+00:00,1378.2607701521147,196.74492074384375,94.79798090325721,0 days 00:33:54
24.40704387339731,121.30926220634204,1979.1349575174256,2022-11-12 22:33:09+00:00,1424.0327693127851,196.74492074384375,100.10894204700207,0 days 00:35:15
24.406923224957136,121.30921456959965,1977.7632714000013,2022-11-12 22:33:39+00:00,1438.3051204324408,196.74492074384375,101.48062816442643,0 days 00:35:45
24.40711886870743,121.30952154108137,1983.2793241461195,2022-11-12 22:34:47+00:00,1476.2876248165219,202.260973489962,101.48062816442643,0 days 00:36:53
24.40701656353013,121.30949293090248,1980.3540792116116,2022-11-12 22:35:22+00:00,1488.0397310964274,202.260973489962,104.40587309893431,0 days 00:37:28
24.40703374035108,121.3095560944496,1980.6708044153536,2022-11-12 22:35:30+00:00,1494.7221370351303,202.57769869370395,104.40587309893431,0 days 00:37:36
24.407390528909787,121.3095438591394,1987.3369077436105,2022-11-12 22:36:35+00:00,1534.4592010195554,209.24380202196085,104.40587309893431,0 days 00:38:41
24.40741243817328,121.30975835161064,1987.3362731681225,2022-11-12 22:37:48+00:00,1556.33895468952,209.24380202196085,104.4065076744223,0 days 00:39:54
24.407563367859662,121.30952462594962,1989.397112397063,2022-11-12 22:39:01+00:00,1585.3846403218884,211.30464125090134,104.4065076744223,0 days 00:41:07
24.407718284229677,121.30965167233089,1994.680010514372,2022-11-12 22:39:27+00:00,1606.9082220570124,216.5875393682104,104.4065076744223,0 days 00:41:33
24.407760574029243,121.30986849443129,1996.1892438262091,2022-11-12 22:40:25+00:00,1629.3862238313613,218.09677268004748,104.4065076744223,0 days 00:42:31
24.407939748215423,121.31013142070026,2002.298685107228,2022-11-12 22:41:07+00:00,1662.67612459424,224.2062139610664,104.4065076744223,0 days 00:43:13
24.408126024482694,121.31020410534433,2008.832538353933,2022-11-12 22:41:53+00:00,1684.6825333980578,230.7400672077713,104.4065076744223,0 days 00:43:59
24.408093030372715,121.3103412582569,2007.8219620940345,2022-11-12 22:42:27+00:00,1699.0627966754048,230.7400672077713,105.41708393432077,0 days 00:44:33
24.40850947602624,121.31031271117524,2008.8101989621105,2022-11-12 22:44:08+00:00,1745.5117595034176,231.7283040758473,105.41708393432077,0 days 00:46:14
24.408521076367997,121.31042308914802,2031.104677391017,2022-11-12 22:44:34+00:00,1756.7750984153506,254.02278250475388,105.41708393432077,0 days 00:46:40
24.408622511125344,121.31041976142016,2035.927776788875,2022-11-12 22:45:06+00:00,1768.071853291356,258.84588190261184,105.41708393432077,0 days 00:47:12
24.408605182318155,121.31047535095554,2035.7550170649988,2022-11-12 22:45:39+00:00,1774.0280205974666,258.84588190261184,105.58984365819697,0 days 00:47:45
24.408631455374906,121.31035908840326,2038.8177793642928,2022-11-12 22:46:22+00:00,1786.171078734684,261.9086442019059,105.58984365819697,0 days 00:48:28
24.409073409173946,121.31070174481292,2056.3692556721558,2022-11-12 22:50:07+00:00,1846.3956829259703,279.4601205097688,105.58984365819697,0 days 00:52:13
24.409252410894204,121.31049028976612,2076.187454603852,2022-11-12 22:51:29+00:00,1875.6622427813793,299.2783194414651,105.58984365819697,0 days 00:53:35
24.40925110173581,121.31079347901876,2083.8821342449432,2022-11-12 22:52:31+00:00,1906.396845898323,306.97299908255627,105.58984365819697,0 days 00:54:37
24.40939472065489,121.31068650169723,2093.8196654255757,2022-11-12 22:53:33+00:00,1925.7153200732507,316.9105302631888,105.58984365819697,0 days 00:55:39
24.409510473685103,121.31080645554808,2101.7458933260023,2022-11-12 22:55:31+00:00,1943.4324699944211,324.8367581636153,105.58984365819697,0 days 00:57:37
24.40955197409609,121.31067938814503,2107.905204535486,2022-11-12 22:55:58+00:00,1957.1166670338516,330.9960693730991,105.58984365819697,0 days 00:58:04
24.40961978099458,121.31084256693238,2120.224185168848,2022-11-12 22:56:42+00:00,1975.298889407099,343.3150500064612,105.58984365819697,0 days 00:58:48
24.409372564731083,121.31103959661746,2115.366619072121,2022-11-12 22:59:14+00:00,2009.3028729592565,343.3150500064612,110.44740975492414,0 days 01:01:20
24.40950938878072,121.311161497171,2115.345387157313,2022-11-12 22:59:57+00:00,2028.9163162904783,343.3150500064612,110.46864166973228,0 days 01:02:03
24.409544050001163,121.31098345345926,2123.3728679553537,2022-11-12 23:00:29+00:00,2047.3723865815937,351.3425308045021,110.46864166973228,0 days 01:02:35
24.409889818127745,121.31143652046671,2204.946958071616,2022-11-12 23:12:48+00:00,2107.296135439336,432.9166209207642,110.46864166973228,0 days 01:14:54
24.41028922553059,121.3114035190618,2200.570353397433,2022-11-12 23:13:01+00:00,2151.8838411940164,432.9166209207642,114.84524634391528,0 days 01:15:07
24.41032496825221,121.31145432958114,2201.472689860856,2022-11-12 23:13:08+00:00,2158.392320242824,433.81895738418734,114.84524634391528,0 days 01:15:14
24.410479133363594,121.31135896250908,2198.391554572809,2022-11-12 23:13:31+00:00,2178.0894901998495,433.81895738418734,117.92638163196216,0 days 01:15:37
24.410382445534054,121.3112370622786,2196.548157711104,2022-11-12 23:15:49+00:00,2194.476719237902,433.81895738418734,119.76977849366722,0 days 01:17:55
24.41064631361476,121.3112257188976,2214.519388675036,2022-11-12 23:17:13+00:00,2223.873011668666,451.7901883481195,119.76977849366722,0 days 01:19:19
24.410768616622,121.3110222955072,2223.361720096457,2022-11-12 23:18:38+00:00,2248.582888141335,460.63251976954007,119.76977849366722,0 days 01:20:44
24.410809787820384,121.3110636016826,2226.04101521046,2022-11-12 23:18:55+00:00,2254.790766368536,463.3118148835433,119.76977849366722,0 days 01:21:01
24.410852253250106,121.31097453258874,2228.952238973403,2022-11-12 23:19:51+00:00,2264.9822492112326,466.2230386464862,119.76977849366722,0 days 01:21:57
24.41094910037793,121.31109267220452,2232.262610745989,2022-11-12 23:20:30+00:00,2281.0957976566715,469.5334104190724,119.76977849366722,0 days 01:22:36
24.411086817084225,121.31094131901304,2235.1510112776123,2022-11-12 23:22:41+00:00,2302.7849305953987,472.42181095069554,119.76977849366722,0 days 01:24:47
24.411489082449336,121.31093193539284,2266.6363420944144,2022-11-12 23:25:29+00:00,2347.57521239992,503.9071417674977,119.76977849366722,0 days 01:27:35
24.411796688441036,121.31074235670276,2287.9863685270884,2022-11-12 23:30:32+00:00,2386.8417807792766,525.2571682001717,119.76977849366722,0 days 01:32:38
24.41191930062152,121.31055371697478,2303.9678032537586,2022-11-12 23:32:03+00:00,2410.335415859506,541.2386029268418,119.76977849366722,0 days 01:34:09
24.41196740317313,121.31059071824636,2304.6525272340605,2022-11-12 23:33:07+00:00,2416.873124572119,541.9233269071437,119.76977849366722,0 days 01:35:13
24.41211767364435,121.31031884945853,2314.2072320382617,2022-11-12 23:35:25+00:00,2449.111477327241,551.478031711345,119.76977849366722,0 days 01:37:31
24.412239959834302,121.31032767529638,2314.959489775926,2022-11-12 23:36:14+00:00,2462.7537430745742,552.2302894490094,119.76977849366722,0 days 01:38:20
24.412375473391307,121.30996234467736,2330.8162144000003,2022-11-12 23:38:04+00:00,2502.7410359915657,568.0870140730835,119.76977849366722,0 days 01:40:10
24.4124699918436,121.31003723302892,2331.492814161757,2022-11-12 23:39:05+00:00,2515.715432338174,568.7636138348403,119.76977849366722,0 days 01:41:11
24.41256388811038,121.30986114998824,2342.796247797476,2022-11-12 23:40:36+00:00,2536.399827143416,580.0670474705594,119.76977849366722,0 days 01:42:42
24.41251357042908,121.30981798828589,2341.22344132917,2022-11-12 23:41:00+00:00,2543.5073938529313,580.0670474705594,121.34258496197344,0 days 01:43:06
24.412626011133973,121.30982769949094,2348.527102874657,2022-11-12 23:41:58+00:00,2556.062942679246,587.3707090160465,121.34258496197344,0 days 01:44:04
24.41267390838481,121.30969038058468,2356.7088798320137,2022-11-12 23:42:47+00:00,2570.9688268423447,595.5524859734032,121.34258496197344,0 days 01:44:53
24.412787828678155,121.30963854996196,2357.307338214065,2022-11-12 23:43:48+00:00,2584.695691873407,596.1509443554546,121.34258496197344,0 days 01:45:54
24.41282286675106,121.30972829950451,2365.911605127244,2022-11-12 23:44:10+00:00,2594.594204233271,604.7552112686335,121.34258496197344,0 days 01:46:16
24.41328497563102,121.30926067230985,2395.540420281984,2022-11-12 23:49:33+00:00,2664.545715407019,634.3840264233736,121.34258496197344,0 days 01:51:39
24.41337284523981,121.30917591218682,2410.3103884056723,2022-11-12 23:50:53+00:00,2677.5649469951954,649.1539945470618,121.34258496197344,0 days 01:52:59
24.414019493122307,121.30907094550444,2359.491098667132,2022-11-12 23:53:44+00:00,2750.3318964373416,649.1539945470618,172.16187470051364,0 days 01:55:50
24.41344571009516,121.30905387958953,2435.7153010104844,2022-11-12 23:55:01+00:00,2814.228844570898,725.3781968904141,172.16187470051364,0 days 01:57:07
24.413960559131404,121.3086323564372,2454.846900056941,2022-11-13 00:01:39+00:00,2885.716481204387,744.5097959368709,172.16187470051364,0 days 02:03:45
24.414000939501253,121.30877309174969,2460.049410513875,2022-11-13 00:03:04+00:00,2900.6737198913006,749.7123063938047,172.16187470051364,0 days 02:05:10
24.413826986742755,121.30872217730796,2455.4711640377304,2022-11-13 00:08:14+00:00,2920.7140972863863,749.7123063938047,176.74012117665825,0 days 02:10:20
24.413830746970667,121.3087837804725,2456.509985659054,2022-11-13 00:08:23+00:00,2926.972590137861,750.7511280151284,176.74012117665825,0 days 02:10:29
24.413965523241902,121.3087513877429,2461.345982750763,2022-11-13 00:08:38+00:00,2942.330988184288,755.5871251068374,176.74012117665825,0 days 02:10:44
24.40975808644619,121.31152963679104,2546.1862260732923,2022-11-13 00:10:13+00:00,3488.851630733303,840.4273684293667,176.74012117665825,0 days 02:12:19
24.41383596797917,121.30903932014644,2565.6437239109136,2022-11-13 00:10:41+00:00,4008.269903663943,859.884866266988,176.74012117665825,0 days 02:12:47
24.41398457916575,121.30875109468448,2484.5363294549074,2022-11-13 00:10:43+00:00,4041.8448390252097,859.884866266988,257.84751563266445,0 days 02:12:49
24.41377015599865,121.30872446795652,2467.969522790117,2022-11-13 00:11:13+00:00,4065.866538562593,859.884866266988,274.4143222974549,0 days 02:13:19
24.41381831210326,121.30884451924466,2466.755612460105,2022-11-13 00:11:45+00:00,4079.1641186165984,859.884866266988,275.6282326274668,0 days 02:13:51
24.41397189613415,121.30879694749429,2468.640309009367,2022-11-13 00:12:29+00:00,4096.928121762036,861.7695628162496,275.6282326274668,0 days 02:14:35
24.41412337286948,121.3085979230275,2484.9189886111267,2022-11-13 00:14:06+00:00,4123.221531010296,878.0482424180095,275.6282326274668,0 days 02:16:12
24.414292774919705,121.30861020805084,2492.033880127412,2022-11-13 00:15:57+00:00,4142.120438799885,885.1631339342948,275.6282326274668,0 days 02:18:03
24.414655859419938,121.3083134490004,2510.3375057987582,2022-11-13 00:20:30+00:00,4192.504346656204,903.4667596056411,275.6282326274668,0 days 02:22:36
24.414800755877398,121.30832573926608,2529.253374885789,2022-11-13 00:22:06+00:00,4208.682259471851,922.3826286926719,275.6282326274668,0 days 02:24:12
24.41477573079187,121.30821603362556,2531.9417581744565,2022-11-13 00:22:53+00:00,4220.146248287053,925.0710119813393,275.6282326274668,0 days 02:24:59
24.414935550059106,121.30825384058598,2536.44658737049,2022-11-13 00:24:36+00:00,4238.345402373048,929.5758411773727,275.6282326274668,0 days 02:26:42
24.415537024296345,121.3077505675234,2574.552427696642,2022-11-13 00:30:14+00:00,4322.521294547089,967.6816815035249,275.6282326274668,0 days 02:32:20
24.416003327416064,121.30734783562832,2599.572382718916,2022-11-13 00:35:10+00:00,4388.559382452905,992.7016365257987,275.6282326274668,0 days 02:37:16
24.41593123437998,121.30722023769528,2597.4318515416016,2022-11-13 00:37:27+00:00,4403.780838773337,992.7016365257987,277.768763804781,0 days 02:39:33
24.41593554028983,121.30728310788676,2597.2629373984128,2022-11-13 00:37:39+00:00,4410.171646346134,992.7016365257987,277.93767794796986,0 days 02:39:45
24.41630931747767,121.30723798536243,2610.187145805217,2022-11-13 00:39:40+00:00,4452.031154216177,1005.6258449326028,277.93767794796986,0 days 02:41:46
24.416461661193747,121.30712910428127,2616.259798571134,2022-11-13 00:40:44+00:00,4472.265080082346,1011.69849769852,277.93767794796986,0 days 02:42:50
24.416730763789783,121.30715044078768,2626.896853957924,2022-11-13 00:44:30+00:00,4502.299551162859,1022.33555308531,277.93767794796986,0 days 02:46:36
24.417412061865715,121.306842616717,2654.0455721383555,2022-11-13 00:48:25+00:00,4584.309300098904,1049.4842712657414,277.93767794796986,0 days 02:50:31
24.41746440921168,121.30697192549802,2639.6564517315987,2022-11-13 00:50:06+00:00,4598.653472566652,1049.4842712657414,292.32679835472663,0 days 02:52:12
24.41756755420728,121.3069058617452,2644.793387057301,2022-11-13 00:50:12+00:00,4611.945609278212,1054.6212065914438,292.32679835472663,0 days 02:52:18
24.417475086682902,121.30692167465884,2651.2189699761443,2022-11-13 00:50:20+00:00,4622.36314025768,1061.046789510287,292.32679835472663,0 days 02:52:26
24.41765373736638,121.307114560873,2638.972665505855,2022-11-13 00:51:22+00:00,4650.251706295371,1061.046789510287,304.5731028250161,0 days 02:53:28
24.41776297329657,121.30693814233209,2652.1099604241185,2022-11-13 00:51:40+00:00,4671.876847882987,1074.1840844285507,304.5731028250161,0 days 02:53:46
24.418275115206725,121.30715832109163,2672.70933835291,2022-11-13 00:54:02+00:00,4733.101168389385,1094.7834623573422,304.5731028250161,0 days 02:56:08
24.41866482834321,121.30695207646671,2689.4172668841966,2022-11-13 00:56:29+00:00,4781.258323523532,1111.4913908886288,304.5731028250161,0 days 02:58:35
24.41886413404709,121.3067187451678,2697.0172773459844,2022-11-13 00:58:03+00:00,4813.687001166739,1119.0914013504166,304.5731028250161,0 days 03:00:09
24.419061511198468,121.30666488430164,2705.4634998641186,2022-11-13 00:58:36+00:00,4836.327130319122,1127.5376238685508,304.5731028250161,0 days 03:00:42
24.41964298994796,121.30648442819631,2707.445667338888,2022-11-13 01:02:04+00:00,4903.59208499943,1129.5197913433203,304.5731028250161,0 days 03:04:10
24.419774435916768,121.30604436908578,2702.2686028203525,2022-11-13 01:05:55+00:00,4950.535900592101,1129.5197913433203,309.75016734355177,0 days 03:08:01
24.420081814969087,121.30549902484778,2721.7928993680566,2022-11-13 01:07:36+00:00,5015.546345210538,1149.0440878910244,309.75016734355177,0 days 03:09:42
24.420427702770667,121.30536309771622,2733.8325767106226,2022-11-13 01:09:13+00:00,5056.4413471382895,1161.0837652335904,309.75016734355177,0 days 03:11:19
24.4209476263774,121.30530283834904,2738.2962341479074,2022-11-13 01:11:59+00:00,5114.6406397339015,1165.5474226708752,309.75016734355177,0 days 03:14:05
24.421089973661484,121.30540982642825,2738.296234131921,2022-11-13 01:12:28+00:00,5133.842175207571,1165.5474226708752,309.75016735953795,0 days 03:14:34
24.42117965788572,121.3051749668638,2748.6238528124622,2022-11-13 01:14:08+00:00,5159.656364992368,1175.8750413514163,309.75016735953795,0 days 03:16:14
24.421186357809656,121.30536586697166,2740.9605359809016,2022-11-13 01:16:45+00:00,5179.020425294822,1175.8750413514163,317.41348419109863,0 days 03:18:51
24.421060832109628,121.30540085423328,2737.6994001279286,2022-11-13 01:18:00+00:00,5193.436932459972,1175.8750413514163,320.6746200440716,0 days 03:20:06
24.421175678888336,121.3052892328246,2740.343625509454,2022-11-13 01:22:08+00:00,5210.509012513417,1178.5192667329416,320.6746200440716,0 days 03:24:14
24.421162718149688,121.30534763195784,2740.417116125393,2022-11-13 01:23:25+00:00,5216.601663350833,1178.5927573488807,320.6746200440716,0 days 03:25:31
24.42133133020211,121.3053292939846,2753.302765578362,2022-11-13 01:24:09+00:00,5235.4633660419395,1191.4784068018498,320.6746200440716,0 days 03:26:15
24.42149588689039,121.30530319777628,2761.2318717187627,2022-11-13 01:24:44+00:00,5253.971803611343,1199.4075129422504,320.6746200440716,0 days 03:26:50
24.422448439648104,121.30461979685528,2788.092115334166,2022-11-13 01:32:40+00:00,5380.630116395633,1226.2677565576537,320.6746200440716,0 days 03:34:46
24.422659613818915,121.30466975923346,2784.633253936905,2022-11-13 01:32:50+00:00,5404.677306465626,1226.2677565576537,324.1334814413326,0 days 03:34:56
24.422569914048584,121.30469306755282,2807.526260587233,2022-11-13 01:33:13+00:00,5414.938361105658,1249.1607632079817,324.1334814413326,0 days 03:35:19
24.422566680719328,121.30482344292732,2820.048939474488,2022-11-13 01:34:41+00:00,5428.158003523267,1261.6834420952368,324.1334814413326,0 days 03:36:47
24.422724481608302,121.30480388569138,2830.278818821209,2022-11-13 01:35:52+00:00,5445.835892595644,1271.9133214419576,324.1334814413326,0 days 03:37:58
24.422795896923247,121.30490736082106,2836.465783262432,2022-11-13 01:37:14+00:00,5458.996546223938,1278.1002858831807,324.1334814413326,0 days 03:39:20
24.422913916531627,121.3049403979546,2840.9613282906143,2022-11-13 01:37:48+00:00,5472.554522666012,1282.595830911363,324.1334814413326,0 days 03:39:54
24.42305003831545,121.3048115731889,2853.701124387113,2022-11-13 01:39:29+00:00,5492.55739341162,1295.3356270078616,324.1334814413326,0 days 03:41:35
24.422900999501632,121.30501305114056,2850.617732618458,2022-11-13 01:41:14+00:00,5518.869026231295,1295.3356270078616,327.2168732099876,0 days 03:43:20
24.42296493283959,121.3050428189502,2844.6297435298284,2022-11-13 01:41:31+00:00,5526.599241059467,1295.3356270078616,333.2048622986172,0 days 03:43:37
24.423039279998505,121.3049883873532,2852.8095744817083,2022-11-13 01:42:09+00:00,5536.545909679334,1303.5154579597415,333.2048622986172,0 days 03:44:15
24.42296989563444,121.30490441793076,2847.971280709698,2022-11-13 01:43:49+00:00,5548.039210988995,1303.5154579597415,338.04315607062745,0 days 03:45:55
24.42297977830284,121.30496038341887,2848.9196182891,2022-11-13 01:44:57+00:00,5553.817504161105,1304.4637955391436,338.04315607062745,0 days 03:47:03
24.42330394433024,121.30494493650714,2855.50211793094,2022-11-13 01:46:39+00:00,5589.93761561815,1311.0462951809836,338.04315607062745,0 days 03:48:45
24.4236429989298,121.3048029891506,2871.2354752614024,2022-11-13 01:48:32+00:00,5630.330414444934,1326.7796525114459,338.04315607062745,0 days 03:50:38
24.42419226147035,121.30477090511096,2891.3750607886345,2022-11-13 01:52:09+00:00,5691.560738622444,1346.919238038678,338.04315607062745,0 days 03:54:15
24.424200745323137,121.30471415601409,2893.6990983877863,2022-11-13 01:52:23+00:00,5697.389723824852,1349.2432756378298,338.04315607062745,0 days 03:54:29
24.42409714181032,121.3048351752556,2886.7698725101877,2022-11-13 01:53:39+00:00,5714.226423911211,1349.2432756378298,344.97238194822603,0 days 03:55:45
24.425225526397217,121.3044532344243,2918.013543083213,2022-11-13 02:08:52+00:00,5845.668351335243,1380.486946210855,344.97238194822603,0 days 04:10:58
24.4251541465732,121.304515220401,2915.6964487473583,2022-11-13 02:08:57+00:00,5855.798084124074,1380.486946210855,347.2894762840806,0 days 04:11:03
24.42537923028567,121.30429241641556,2984.554238314673,2022-11-13 02:13:29+00:00,5889.529369004729,1449.3447357781697,347.2894762840806,0 days 04:15:35
24.4255194831473,121.30427374837652,2975.5550325682816,2022-11-13 02:13:57+00:00,5905.256553548017,1449.3447357781697,356.28868203047205,0 days 04:16:03
24.42570430272172,121.30385903192042,2971.828462236522,2022-11-13 02:18:28+00:00,5952.055882623006,1449.3447357781697,360.0152523622319,0 days 04:20:34
24.425728113759124,121.30399493351057,2984.8758602142334,2022-11-13 02:18:55+00:00,5966.083127840956,1462.3921337558813,360.0152523622319,0 days 04:21:01
24.426067594282824,121.30376678118786,2983.3114042904967,2022-11-13 02:23:03+00:00,6010.387872105925,1462.3921337558813,361.57970828596854,0 days 04:25:09
24.426580614959537,121.3036802040536,3020.264684201732,2022-11-13 02:25:55+00:00,6068.167569774719,1499.3454136671166,361.57970828596854,0 days 04:28:01
24.42664456672676,121.30360032724796,3013.1896028452866,2022-11-13 02:30:36+00:00,6078.948421485937,1499.3454136671166,368.654789642414,0 days 04:32:42
24.426573345241145,121.30363898849954,3028.997703407118,2022-11-13 02:31:05+00:00,6087.792298245657,1515.153514228948,368.654789642414,0 days 04:33:11
24.426568583005007,121.3033392792117,3047.235971028427,2022-11-13 02:34:22+00:00,6118.174248645049,1533.3917818502568,368.654789642414,0 days 04:36:28
24.426671634761856,121.30325883162558,3043.9846721365257,2022-11-13 02:34:27+00:00,6132.248533666554,1533.3917818502568,371.90608853431513,0 days 04:36:33
24.4266288542403,121.30338267269366,3082.223603821377,2022-11-13 02:36:02+00:00,6145.673624232495,1571.630713535108,371.90608853431513,0 days 04:38:08
24.426857023122967,121.3032875380597,3052.650123057072,2022-11-13 02:36:42+00:00,6172.842073695327,1571.630713535108,401.47956929861994,0 days 04:38:48
24.42703064552164,121.30324048639764,3060.9518953936854,2022-11-13 02:39:04+00:00,6192.749378557376,1579.9324858717214,401.47956929861994,0 days 04:41:10
24.42711587342813,121.30335755985524,3068.513910592031,2022-11-13 02:41:51+00:00,6207.942042938643,1587.4945010700671,401.47956929861994,0 days 04:43:57
24.42718784759218,121.30326159360835,3070.18028312415,2022-11-13 02:42:36+00:00,6220.543773014318,1589.1608736021858,401.47956929861994,0 days 04:44:42
24.42753359199781,121.30348310682416,3096.2249660060834,2022-11-13 02:45:49+00:00,6265.1018095978125,1615.2055564841194,401.47956929861994,0 days 04:47:55
24.427551173567053,121.30371598860268,3098.235040511782,2022-11-13 02:47:50+00:00,6288.786589722947,1617.2156309898178,401.47956929861994,0 days 04:49:56
24.42759994510034,121.30354389641845,3100.743647106356,2022-11-13 02:49:15+00:00,6307.0544610399365,1619.724237584392,401.47956929861994,0 days 04:51:21
24.427457887690263,121.30394625345248,3086.1464769693366,2022-11-13 02:50:14+00:00,6350.794206408507,1619.724237584392,416.0767394356394,0 days 04:52:20
24.427404066930382,121.3038012844182,3078.446253056155,2022-11-13 02:50:40+00:00,6366.662139955405,1619.724237584392,423.776963348821,0 days 04:52:46
24.427688926161004,121.30368582330688,3093.2347311877625,2022-11-13 02:52:36+00:00,6400.46314754837,1634.5127157159995,423.776963348821,0 days 04:54:42
24.42758623150865,121.3036283944534,3089.8734998761465,2022-11-13 02:52:45+00:00,6413.291652830175,1634.5127157159995,427.13819466043697,0 days 04:54:51
24.42834941709089,121.30389099644977,3121.596223008939,2022-11-13 03:02:44+00:00,6502.321095470603,1666.235438848792,427.13819466043697,0 days 05:04:50
24.428124027941468,121.30363077109652,3134.870525273579,2022-11-13 03:03:01+00:00,6538.723940447224,1679.509741113432,427.13819466043697,0 days 05:05:07
24.428353059447097,121.3040082641378,3113.2330389989465,2022-11-13 03:06:51+00:00,6584.701258617726,1679.509741113432,448.77568093506943,0 days 05:08:57
24.42818544369529,121.30371259667108,3139.04680607914,2022-11-13 03:08:26+00:00,6620.002736481466,1705.3235081936255,448.77568093506943,0 days 05:10:32
24.42823356372964,121.3039774490639,3153.185850912022,2022-11-13 03:10:26+00:00,6647.376007857382,1719.4625530265075,448.77568093506943,0 days 05:12:32
24.42839052995416,121.30386632809032,3165.338920084621,2022-11-13 03:11:51+00:00,6668.164684580288,1731.6156221991064,448.77568093506943,0 days 05:13:57
24.428290115126337,121.30392454610272,3147.7228578183526,2022-11-13 03:12:30+00:00,6680.804679385181,1731.6156221991064,466.3917432013377,0 days 05:14:36
24.42840258651765,121.3038891295213,3156.329415611885,2022-11-13 03:13:11+00:00,6693.829415393134,1740.2221799926388,466.3917432013377,0 days 05:15:17
24.428392301867625,121.3040167396638,3155.5270278360385,2022-11-13 03:13:50+00:00,6706.813850646524,1740.2221799926388,467.19413097718416,0 days 05:15:56
24.42853393033416,121.30403632970553,3170.661401528981,2022-11-13 03:15:34+00:00,6722.704466347737,1755.3565536855813,467.19413097718416,0 days 05:17:40
24.428706316100268,121.3040700882808,3177.708748289254,2022-11-13 03:17:30+00:00,6742.197097226465,1762.403900445854,467.19413097718416,0 days 05:19:36
24.42867211469564,121.3041212502314,3176.144656319356,2022-11-13 03:18:28+00:00,6748.630195938686,1762.403900445854,468.75822294708223,0 days 05:20:34
24.42886812482148,121.30396464718102,3189.262727105741,2022-11-13 03:20:23+00:00,6775.6123768090465,1775.5219712322391,468.75822294708223,0 days 05:22:29
24.428899029567336,121.30406671563368,3194.3603387097933,2022-11-13 03:21:23+00:00,6786.514485947099,1780.6195828362916,468.75822294708223,0 days 05:23:29
24.429338197971525,121.30394820396435,3245.546955220194,2022-11-13 03:29:01+00:00,6836.856692758589,1831.8061993466922,468.75822294708223,0 days 05:31:07
24.42921915825343,121.3040505134416,3239.966431323299,2022-11-13 03:29:08+00:00,6853.683096286108,1831.8061993466922,474.33874684397733,0 days 05:31:14
24.429643093832777,121.30417875864592,3225.793627105517,2022-11-13 03:31:17+00:00,6902.632907872561,1831.8061993466922,488.5115510617593,0 days 05:33:23
24.429746147012835,121.30415449609386,3228.590629124798,2022-11-13 03:31:35+00:00,6914.365391493741,1834.6032013659733,488.5115510617593,0 days 05:33:41
24.429763252694844,121.30400835859515,3244.483983495359,2022-11-13 03:31:59+00:00,6929.298828063321,1850.4965557365344,488.5115510617593,0 days 05:34:05
24.43026390363208,121.30417701075272,3257.1279382403463,2022-11-13 03:33:37+00:00,6987.593707056712,1863.1405104815217,488.5115510617593,0 days 05:35:43
24.43023534687728,121.3043050968494,3234.605866726903,2022-11-13 03:34:05+00:00,7000.959172919559,1863.1405104815217,511.03362257520257,0 days 05:36:11
24.43035059517955,121.30429288290162,3234.760471168326,2022-11-13 03:34:25+00:00,7013.848199355119,1863.2951149229448,511.03362257520257,0 days 05:36:31
24.43050134084396,121.3045012952651,3246.462188999708,2022-11-13 03:35:18+00:00,7040.825808896174,1874.9968327543265,511.03362257520257,0 days 05:37:24
24.43067822143374,121.30453810353724,3248.551787850425,2022-11-13 03:35:56+00:00,7060.866449966764,1877.0864316050438,511.03362257520257,0 days 05:38:02
24.430641195255443,121.30447703548197,3248.025938987407,2022-11-13 03:36:22+00:00,7068.302690187925,1877.0864316050438,511.55947143822095,0 days 05:38:28
24.430757689326423,121.30480834567128,3247.771330195621,2022-11-13 03:37:41+00:00,7104.298974921346,1877.0864316050438,511.81408023000677,0 days 05:39:47
24.43128110436057,121.30489076619828,3258.2828650536594,2022-11-13 03:39:17+00:00,7163.161301230003,1887.5979664630822,511.81408023000677,0 days 05:41:23
24.43124138627025,121.3047677996943,3265.330281987384,2022-11-13 03:39:51+00:00,7176.385273774925,1894.6453833968067,511.81408023000677,0 days 05:41:57
24.43129100674228,121.30490213775354,3260.076239693238,2022-11-13 03:39:59+00:00,7191.07855452149,1894.6453833968067,517.0681225241524,0 days 05:42:05
24.43212687874272,121.30487801331137,3254.7983795079062,2022-11-13 03:44:57+00:00,7284.1599444547755,1894.6453833968067,522.3459827094844,0 days 05:47:03
24.4320639834751,121.3047148654748,3287.4792336381697,2022-11-13 03:47:43+00:00,7302.116463917126,1927.3262375270701,522.3459827094844,0 days 05:49:49
24.432756120023512,121.30489887779912,3332.650355530528,2022-11-13 03:58:06+00:00,7381.39011137546,1972.4973594194284,522.3459827094844,0 days 06:00:12
24.432678418526184,121.30476501672835,3328.398000209871,2022-11-13 03:58:46+00:00,7397.479864960724,1972.4973594194284,526.5983380301413,0 days 06:00:52
24.43280912930173,121.3049449857553,3288.9487631980896,2022-11-13 04:02:30+00:00,7420.81273225854,1972.4973594194284,566.0475750419228,0 days 06:04:36
24.43280388152732,121.30488792686806,3290.474547387279,2022-11-13 04:02:53+00:00,7426.625136565234,1974.0231436086178,566.0475750419228,0 days 06:04:59
24.43264100063094,121.30483960727383,3255.3045273377406,2022-11-13 04:04:35+00:00,7445.406744891899,1974.0231436086178,601.2175950914611,0 days 06:06:41
24.4327267567278,121.3049956571994,3277.1115954683755,2022-11-13 04:06:52+00:00,7463.880333257382,1995.8302117392527,601.2175950914611,0 days 06:08:58
24.432633413351443,121.3048498457514,3292.2517558904765,2022-11-13 04:07:08+00:00,7481.945939297528,2010.9703721613537,601.2175950914611,0 days 06:09:14
24.43265148714073,121.3049084241791,3290.327087184716,2022-11-13 04:11:37+00:00,7488.214580317672,2010.9703721613537,603.1422637972214,0 days 06:13:43
24.43269039483689,121.3047665384636,3321.125698047485,2022-11-13 04:13:28+00:00,7503.232951006984,2041.7689830241225,603.1422637972214,0 days 06:15:34
24.432619117934,121.30491853165496,3307.078649621354,2022-11-13 04:13:46+00:00,7520.5609913547005,2041.7689830241225,617.1893122233523,0 days 06:15:52
24.43274309336349,121.30482130713834,3267.008595058701,2022-11-13 04:15:43+00:00,7537.5186917452675,2041.7689830241225,657.2593667860056,0 days 06:17:49
24.432658174039695,121.30486443041852,3291.995389082421,2022-11-13 04:16:09+00:00,7547.933364256278,2066.7557770478425,657.2593667860056,0 days 06:18:15
24.432966743212887,121.3049174930285,3284.655870896111,2022-11-13 04:17:57+00:00,7582.701731094635,2066.7557770478425,664.5988849723153,0 days 06:20:03
24.432567811644173,121.3047963574204,3353.8091654546174,2022-11-13 04:19:47+00:00,7628.776613443476,2135.909071606349,664.5988849723153,0 days 06:21:53
24.432785307109285,121.30460604785227,3312.341630198399,2022-11-13 04:23:51+00:00,7659.731923928989,2135.909071606349,706.0664202285338,0 days 06:25:57
24.43263389858185,121.30479135048584,3290.690411073736,2022-11-13 04:24:35+00:00,7684.966734081935,2135.909071606349,727.7176393531968,0 days 06:26:41
24.432580606976828,121.3047549847198,3248.697394093132,2022-11-13 04:26:20+00:00,7691.950865400066,2135.909071606349,769.7106563338007,0 days 06:28:26
24.432634371942925,121.30485115191564,3291.487176802676,2022-11-13 04:26:48+00:00,7703.388472383228,2178.6988543158927,769.7106563338007,0 days 06:28:54
24.432826036471823,121.30496771884714,3298.184923138597,2022-11-13 04:28:39+00:00,7727.777071135462,2185.3966006518135,769.7106563338007,0 days 06:30:45
24.433069604261245,121.3049247285862,3287.168770179464,2022-11-13 04:29:02+00:00,7755.238889777417,2185.3966006518135,780.7268092929335,0 days 06:31:08
24.433152962284368,121.30494611728696,3285.26628052235,2022-11-13 04:29:06+00:00,7764.768146249044,2185.3966006518135,782.6292989500475,0 days 06:31:12
24.432912461896304,121.30487880992712,3289.287298960598,2022-11-13 04:29:35+00:00,7792.396064716186,2189.4176190900616,782.6292989500475,0 days 06:31:41
24.43269704712252,121.30494174413565,3289.2057658253607,2022-11-13 04:31:57+00:00,7817.2098434253,2189.4176190900616,782.7108320852849,0 days 06:34:03
24.432599990907818,121.30459744903428,3330.38153520201,2022-11-13 04:39:25+00:00,7853.738895861964,2230.593388466711,782.7108320852849,0 days 06:41:31
24.432822761955883,121.30481871440752,3316.986362542181,2022-11-13 04:43:35+00:00,7887.173698146974,2230.593388466711,796.1060047451142,0 days 06:45:41
24.432634759448064,121.30469629950548,3326.711828265805,2022-11-13 04:45:08+00:00,7911.503312146108,2240.318854190335,796.1060047451142,0 days 06:47:14
24.43276654992995,121.30468136570764,3303.906116591289,2022-11-13 04:46:41+00:00,7926.25209653662,2240.318854190335,818.91171641963,0 days 06:48:47
24.432706322123693,121.30479511915128,3296.5351230162537,2022-11-13 04:46:56+00:00,7939.588871858988,2240.318854190335,826.2827099946653,0 days 06:49:02
24.432834238542565,121.30478838660387,3176.7929003410263,2022-11-13 04:52:59+00:00,7953.84486701213,2240.318854190335,946.0249326698927,0 days 06:55:05
24.43268214347621,121.30480290207998,3266.755343359288,2022-11-13 04:53:52+00:00,7970.839884246681,2330.2812972085967,946.0249326698927,0 days 06:55:58
24.432941809512013,121.30450942058418,3313.458268076145,2022-11-13 04:56:43+00:00,8012.316397382254,2376.9842219254538,946.0249326698927,0 days 06:58:49
24.43270337892073,121.30493497891328,3320.476675905696,2022-11-13 04:59:08+00:00,8062.959692405741,2384.002629755005,946.0249326698927,0 days 07:01:14
24.432693953808467,121.30473438734552,3313.418555474189,2022-11-13 04:59:16+00:00,8083.31691296874,2384.002629755005,953.0830531013999,0 days 07:01:22
24.432755051156303,121.30477691500003,3304.101025452484,2022-11-13 05:00:10+00:00,8091.369022099103,2384.002629755005,962.4005831231048,0 days 07:02:16
24.43269707506401,121.3048120687864,3287.385911546864,2022-11-13 05:03:09+00:00,8098.741054735735,2384.002629755005,979.1156970287248,0 days 07:05:15
24.43268693277145,121.3047071327012,3324.42821639644,2022-11-13 05:04:08+00:00,8109.436197981701,2421.0449346045807,979.1156970287248,0 days 07:06:14
24.43274602649441,121.30494398643832,3319.307318089329,2022-11-13 05:04:14+00:00,8134.32659774826,2421.0449346045807,984.2365953358358,0 days 07:06:20
24.432202846806813,121.30476450983204,3290.686696016613,2022-11-13 05:12:58+00:00,8197.47017879707,2421.0449346045807,1012.8572174085516,0 days 07:15:04
24.432140019187493,121.3048174394229,3291.9104168934214,2022-11-13 05:13:04+00:00,8206.284564533073,2422.268655481389,1012.8572174085516,0 days 07:15:10
24.43185277520696,121.3048591088137,3286.0649867281995,2022-11-13 05:14:00+00:00,8238.538254144816,2422.268655481389,1018.7026475737734,0 days 07:16:06
24.43199580555927,121.30490106995964,3279.2730880668387,2022-11-13 05:14:07+00:00,8255.018578325986,2422.268655481389,1025.4945462351343,0 days 07:16:13
24.43106844917836,121.30497711707648,3306.6877905684155,2022-11-13 05:17:19+00:00,8358.53921747517,2449.683357982966,1025.4945462351343,0 days 07:19:25
24.42901932071742,121.30406987380856,3160.230056019522,2022-11-13 05:26:44+00:00,8604.484079070062,2449.683357982966,1171.9522807840276,0 days 07:28:50
24.428485254100966,121.30407382981356,3197.460261732507,2022-11-13 05:30:37+00:00,8663.937726866638,2486.913563695951,1171.9522807840276,0 days 07:32:43
24.42846835575203,121.30398821381544,3196.7358727870032,2022-11-13 05:30:39+00:00,8672.816842670443,2486.913563695951,1172.6766697295316,0 days 07:32:45
24.42852191464397,121.3041782979696,3158.399607215627,2022-11-13 05:34:09+00:00,8692.984174419837,2486.913563695951,1211.0129353009079,0 days 07:36:15
24.428464474359387,121.3040625395912,3153.71315774268,2022-11-13 05:34:14+00:00,8706.346095069699,2486.913563695951,1215.699384773855,0 days 07:36:20
24.428450540593143,121.3043039213324,3057.160800497365,2022-11-13 05:41:50+00:00,8730.86033054405,2486.913563695951,1312.2517420191698,0 days 07:43:56
24.42830324311966,121.30345947658743,3079.395456679734,2022-11-13 05:43:30+00:00,8818.005163517342,2509.1482198783197,1312.2517420191698,0 days 07:45:36
24.428042303021925,121.30380240711295,3111.429494297371,2022-11-13 05:44:09+00:00,8863.302728739516,2541.182257495957,1312.2517420191698,0 days 07:46:15
24.4268199528573,121.30342683430214,3038.128461183353,2022-11-13 05:57:14+00:00,9004.599002072995,2541.182257495957,1385.5527751331879,0 days 07:59:20
24.42677808701249,121.30337687070876,3041.990253249347,2022-11-13 05:57:23+00:00,9011.481255738188,2545.044049561951,1385.5527751331879,0 days 07:59:29
24.42659884103918,121.30361619931222,3048.4789128683897,2022-11-13 06:00:11+00:00,9042.89093758362,2551.5327091809936,1385.5527751331879,0 days 08:02:17
24.42668298215553,121.3036441182954,3036.246560321813,2022-11-13 06:00:26+00:00,9052.67564496283,2551.5327091809936,1397.7851276797646,0 days 08:02:32
24.42663974480266,121.30374851745016,3030.6999785308844,2022-11-13 06:01:15+00:00,9064.300369690482,2551.5327091809936,1403.331709470693,0 days 08:03:21
24.42663975029617,121.3036892800697,3032.4907586196755,2022-11-13 06:01:45+00:00,9070.304428474607,2553.3234892697847,1403.331709470693,0 days 08:03:51
24.425995480302703,121.30387232916912,2987.399436783722,2022-11-13 06:08:16+00:00,9144.385448002971,2553.3234892697847,1448.4230313066464,0 days 08:10:22
24.425773839270903,121.30397801500476,2993.511482760093,2022-11-13 06:08:23+00:00,9171.28352784276,2559.4355352461553,1448.4230313066464,0 days 08:10:29
24.425465666004637,121.30435721793076,2953.596087028571,2022-11-13 06:15:36+00:00,9222.801706214535,2559.4355352461553,1488.338427038168,0 days 08:17:42
24.42459743958736,121.30438535196431,2872.8714494529795,2022-11-13 06:26:42+00:00,9319.494728401454,2559.4355352461553,1569.0630646137597,0 days 08:28:48
24.424386256326294,121.30456237330652,2874.205440871767,2022-11-13 06:28:05+00:00,9349.06838905887,2560.769526664943,1569.0630646137597,0 days 08:30:11
24.422388419307484,121.30520234061956,2752.016393704931,2022-11-13 06:41:50+00:00,9580.734157418517,2560.769526664943,1691.252111780596,0 days 08:43:56
24.422492318149967,121.30492931934012,2748.7085493953086,2022-11-13 06:41:56+00:00,9610.72717531148,2560.769526664943,1694.5599560902183,0 days 08:44:02
24.421121549211517,121.30534534266528,2753.790432053917,2022-11-13 06:55:21+00:00,9769.040383248344,2565.8514093235513,1694.5599560902183,0 days 08:57:27
24.42125104437653,121.30521504260952,2747.762307393044,2022-11-13 06:55:28+00:00,9788.591222391924,2565.8514093235513,1700.5880807510912,0 days 08:57:34
24.41978482252456,121.30655935387811,2678.9710756035006,2022-11-13 07:08:53+00:00,10001.212091986306,2565.8514093235513,1769.3793125406346,0 days 09:10:59
24.418324496733785,121.30695419918736,2637.7597180166927,2022-11-13 07:16:56+00:00,10168.62973237678,2565.8514093235513,1810.5906701274425,0 days 09:19:02
24.418203295367576,121.30708129961135,2634.5147196385,2022-11-13 07:17:00+00:00,10187.284905148384,2565.8514093235513,1813.835668505635,0 days 09:19:06
24.41738758900131,121.3068008823762,2613.904692782475,2022-11-13 07:21:44+00:00,10282.434078521395,2565.8514093235513,1834.44569536166,0 days 09:23:50
24.417224329547807,121.30696001671528,2619.139035789449,2022-11-13 07:21:50+00:00,10306.733987944848,2571.085752330525,1834.44569536166,0 days 09:23:56
24.41628049183613,121.30735746293853,2585.027656356989,2022-11-13 07:26:43+00:00,10419.260892601204,2571.085752330525,1868.5570747941197,0 days 09:28:49
24.41612003312499,121.30719660267512,2583.197982527122,2022-11-13 07:27:02+00:00,10443.446206240103,2571.085752330525,1870.386748623987,0 days 09:29:08
24.41558502298016,121.30806892974547,2554.284453108514,2022-11-13 07:30:55+00:00,10550.05630854682,2571.085752330525,1899.300278042595,0 days 09:33:01
24.41547724603839,121.30774240630087,2550.693127992328,2022-11-13 07:31:02+00:00,10585.261745635207,2571.085752330525,1902.891603158781,0 days 09:33:08
24.41548949714833,121.30782424794128,2568.002601979266,2022-11-13 07:31:27+00:00,10593.668965851786,2588.395226317463,1902.891603158781,0 days 09:33:33
24.41467943938831,121.30834694458338,2531.686800665904,2022-11-13 07:39:20+00:00,10698.258012402755,2588.395226317463,1939.207404472143,0 days 09:41:26
24.414698356296554,121.30828319195476,2526.519635582799,2022-11-13 07:39:27+00:00,10705.054781706433,2588.395226317463,1944.374569555248,0 days 09:41:33
24.41457401411973,121.30851025523236,2514.3091759076765,2022-11-13 07:39:58+00:00,10731.912724081292,2588.395226317463,1956.5850292303703,0 days 09:42:04
24.414280797548827,121.30845371593252,2518.147109985352,2022-11-13 07:40:33+00:00,10765.052916494722,2592.2331603951384,1956.5850292303703,0 days 09:42:39
24.415032071199008,121.30855206197992,2518.2338800110656,2022-11-13 07:40:38+00:00,10849.276749533623,2592.319930420852,1956.5850292303703,0 days 09:42:44
24.41379923927676,121.30882270693996,2471.600516296122,2022-11-13 07:49:39+00:00,10989.23078847441,2592.319930420852,2003.218392945314,0 days 09:51:45
24.413612565183527,121.30909820854716,2418.4111859899463,2022-11-13 07:55:22+00:00,11024.040636089463,2592.319930420852,2056.4077232514896,0 days 09:57:28
24.412764900504307,121.3097901190694,2396.9874536806974,2022-11-13 08:08:49+00:00,11141.613377441961,2592.319930420852,2077.8314555607385,0 days 10:10:55
24.411993744772595,121.310610078388,2272.826299746021,2022-11-13 08:22:25+00:00,11261.103246451748,2592.319930420852,2201.992609495415,0 days 10:24:31
24.412005524867944,121.31071895526942,2270.717123221563,2022-11-13 08:22:31+00:00,11272.21747680585,2592.319930420852,2204.101786019873,0 days 10:24:37
24.41168944973864,121.31074940496342,2338.567165986264,2022-11-13 08:24:08+00:00,11307.538086288869,2660.1699731855533,2204.101786019873,0 days 10:26:14
24.411730170584097,121.3109989308936,2330.180641564368,2022-11-13 08:24:38+00:00,11333.234991055615,2660.1699731855533,2212.488310441769,0 days 10:26:44
24.411716255743794,121.31068916928368,2221.170024934036,2022-11-13 08:26:45+00:00,11364.673056954447,2660.1699731855533,2321.498927072101,0 days 10:28:51
24.41083516108004,121.31136637925918,2105.0090842683203,2022-11-13 08:38:24+00:00,11484.392966060155,2660.1699731855533,2437.659867737817,0 days 10:40:30
24.40962161825172,121.31100847419006,2054.0645917746606,2022-11-13 08:52:02+00:00,11624.27152999067,2660.1699731855533,2488.6043602314767,0 days 10:54:08
24.408635834798478,121.3103130170688,2054.8701522240312,2022-11-13 09:03:33+00:00,11754.702870689902,2660.975533634924,2488.6043602314767,0 days 11:05:39
24.4086564842609,121.3104057499247,2050.1616736129367,2022-11-13 09:03:40+00:00,11764.380207365606,2660.975533634924,2493.312838842571,0 days 11:05:46
24.40878432477713,121.31041881278831,2043.6313506232304,2022-11-13 09:04:07+00:00,11778.672887366498,2660.975533634924,2499.8431618322775,0 days 11:06:13
24.408691803992426,121.31030109231642,2039.249245526892,2022-11-13 09:04:41+00:00,11794.436229886878,2660.975533634924,2504.225266928616,0 days 11:06:47
24.40823787925931,121.3103616511651,2014.799889387138,2022-11-13 09:05:43+00:00,11845.33866450177,2660.975533634924,2528.6746230683702,0 days 11:07:49
24.407871827176805,121.30978766254496,2000.1722462557093,2022-11-13 09:07:34+00:00,11916.374225509495,2660.975533634924,2543.302266199799,0 days 11:09:40
24.407664647012407,121.3095098931028,1993.2172196087647,2022-11-13 09:09:00+00:00,11952.771704733725,2660.975533634924,2550.2572928467434,0 days 11:11:06
24.407606532519903,121.30948914727996,1991.374599604389,2022-11-13 09:09:07+00:00,11959.574251301628,2660.975533634924,2552.0999128511194,0 days 11:11:13
24.407580724845445,121.30966013926668,1990.2724750588536,2022-11-13 09:09:37+00:00,11977.144383303797,2660.975533634924,2553.2020373966548,0 days 11:11:43
24.407353057300107,121.30958226845983,1987.3399429588744,2022-11-13 09:11:26+00:00,12003.68923170984,2660.975533634924,2556.134569496634,0 days 11:13:32
24.40728863907253,121.30946662210658,1987.3362731336344,2022-11-13 09:12:34+00:00,12017.431794637456,2660.975533634924,2556.1382393218737,0 days 11:14:40
24.40701610118909,121.30945935833437,1980.5185235259792,2022-11-13 09:13:32+00:00,12047.779646166822,2660.975533634924,2562.9559889295288,0 days 11:15:38
24.406977546484164,121.30954329178518,1978.6059898644764,2022-11-13 09:14:17+00:00,12057.30931809037,2660.975533634924,2564.8685225910313,0 days 11:16:23
24.406949095245555,121.30942128503904,1977.777014198548,2022-11-13 09:14:40+00:00,12070.076437911577,2660.975533634924,2565.69749825696,0 days 11:16:46
24.407076697439543,121.3093039888924,1985.316817208544,2022-11-13 09:15:15+00:00,12088.600934722079,2668.5153366449204,2565.69749825696,0 days 11:17:21
24.406904378613163,121.30927109088702,1977.0410473244608,2022-11-13 09:15:42+00:00,12108.071200753646,2668.5153366449204,2573.9732681410433,0 days 11:17:48
24.406570656244067,121.30889228568462,1983.9950356082304,2022-11-13 09:16:42+00:00,12161.500556739016,2675.46932492869,2573.9732681410433,0 days 11:18:48
24.40631984489578,121.30882607859095,1977.628409491277,2022-11-13 09:17:46+00:00,12190.21621778111,2675.46932492869,2580.339894257997,0 days 11:19:52
24.406119855947036,121.3088214050422,1971.068666549403,2022-11-13 09:18:09+00:00,12212.484028058625,2675.46932492869,2586.899637199871,0 days 11:20:15
24.405898958972227,121.30866730724034,1968.823133491487,2022-11-13 09:18:32+00:00,12241.616565476797,2675.46932492869,2589.145170257787,0 days 11:20:38
24.40564481275304,121.30870700248704,1964.5377522228584,2022-11-13 09:18:58+00:00,12270.192864864359,2675.46932492869,2593.4305515264155,0 days 11:21:04
24.405517995828745,121.30837324699206,1966.928856220396,2022-11-13 09:19:49+00:00,12306.85372700906,2677.8604289262275,2593.4305515264155,0 days 11:21:55
24.405550390199323,121.30825201975824,1970.20482927942,2022-11-13 09:20:08+00:00,12319.661049360297,2681.1364019852517,2593.4305515264155,0 days 11:22:14
24.405302766873504,121.30756155758696,1985.9855556571213,2022-11-13 09:21:55+00:00,12394.887633846418,2696.917128362953,2593.4305515264155,0 days 11:24:01
24.405117263495757,121.30747344127464,1988.2282324735927,2022-11-13 09:22:25+00:00,12417.387057182656,2699.1598051794244,2593.4305515264155,0 days 11:24:31
24.404683925079823,121.30729171629712,1984.1496349568488,2022-11-13 09:23:07+00:00,12469.024217695982,2699.1598051794244,2597.5091490431596,0 days 11:25:13
24.404157199765542,121.30720361102246,1979.226754460622,2022-11-13 09:23:57+00:00,12528.335627273329,2699.1598051794244,2602.4320295393863,0 days 11:26:03
24.40367712815119,121.30702450546691,1980.1169683903493,2022-11-13 09:24:49+00:00,12584.777336064406,2700.0500191091514,2602.4320295393863,0 days 11:26:55
24.40324977720925,121.30706272198805,1972.4742824793768,2022-11-13 09:25:22+00:00,12632.507533229102,2700.0500191091514,2610.074715450359,0 days 11:27:28
24.40242000615061,121.30696251138484,1957.134623238687,2022-11-13 09:27:10+00:00,12725.434603008754,2700.0500191091514,2625.4143746910486,0 days 11:29:16
24.4022245456239,121.3068649600323,1961.3041208727527,2022-11-13 09:27:29+00:00,12749.33518916795,2704.2195167432174,2625.4143746910486,0 days 11:29:35
24.40187473258,121.30672416134992,1961.721121242248,2022-11-13 09:28:02+00:00,12790.809887756257,2704.6365171127127,2625.4143746910486,0 days 11:30:08
24.401316578061376,121.30691622958486,1947.796907761848,2022-11-13 09:29:01+00:00,12855.923085655524,2704.6365171127127,2639.3385881714485,0 days 11:31:07
24.401053555311258,121.30694879310003,1938.8254544737472,2022-11-13 09:29:26+00:00,12885.388287533313,2704.6365171127127,2648.310041459549,0 days 11:31:32
24.40049961621612,121.30735858636864,1929.614386228984,2022-11-13 09:30:55+00:00,12959.741306630569,2704.6365171127127,2657.5211097043125,0 days 11:33:01
24.40023474084697,121.30739752720488,1929.566574755209,2022-11-13 09:31:21+00:00,12989.49032706515,2704.6365171127127,2657.5689211780873,0 days 11:33:27
24.39970456092582,121.3078292025555,1919.9232116083197,2022-11-13 09:32:20+00:00,13062.964386972266,2704.6365171127127,2667.2122843249767,0 days 11:34:26
24.399531584898835,121.30789799936942,1923.8886871930315,2022-11-13 09:32:41+00:00,13083.444247675296,2708.6019926974245,2667.2122843249767,0 days 11:34:47
24.39930693797057,121.30822065495406,1914.1806893461528,2022-11-13 09:33:19+00:00,13124.618702967278,2708.6019926974245,2676.9202821718554,0 days 11:35:25
24.39882681857831,121.30808198413942,1909.915774695241,2022-11-13 09:33:55+00:00,13179.883542428082,2708.6019926974245,2681.1851968227675,0 days 11:36:01
24.39794452678744,121.307793051123,1895.3281837403788,2022-11-13 09:35:17+00:00,13282.375121605814,2708.6019926974245,2695.7727877776297,0 days 11:37:23
24.397705120958168,121.30779604598746,1895.3137367503236,2022-11-13 09:35:37+00:00,13309.027507933726,2708.6019926974245,2695.787234767685,0 days 11:37:43
24.397436323494432,121.30798229139587,1890.412197793276,2022-11-13 09:36:07+00:00,13344.40922735447,2708.6019926974245,2700.6887737247325,0 days 11:38:13
24.397116332216427,121.3079289985374,1891.545351146665,2022-11-13 09:36:41+00:00,13380.438055917992,2709.7351460508135,2700.6887737247325,0 days 11:38:47
24.39699366719558,121.30728303447312,1900.126442784288,2022-11-13 09:37:42+00:00,13447.334167048411,2718.3162376884366,2700.6887737247325,0 days 11:39:48
