檔案名,max累計水平距離,max累計爬升高度,max累計下降高度,max累計花費時間
HB0409桃山沒桃子.csv,12171.534952090924,1653.59462899829,1647.0907537205978,0 days 08:47:26
HB0410桃山.csv,14060.572101482934,2103.6329197108944,2111.2468694260797,0 days 13:22:39
HB0521單攻桃山.csv,11984.53408472608,1626.3476149680218,1625.893731361951,0 days 10:11:29
HB0829桃山.csv,16454.33938950211,1837.6649201238956,1841.6240857166451,0 days 10:40:23
HB1-18桃山.csv,14851.918825878034,1717.5038801597184,1652.5097063778742,0 days 12:14:16
HB10-15 桃山單攻.csv,12397.58611672227,1822.9434437033572,1740.1404579741506,0 days 08:50:22
HB1091011-桃山.csv,4706.017054700057,1434.4933449076475,103.34104513376838,0 days 07:17:50
HB1091226桃山單攻.csv,10390.33661035701,1536.8532092681894,1543.7192682627906,0 days 09:21:27
HB111.09.25桃山單攻.csv,11439.543813895367,1552.3885646516762,1544.7091466103714,0 days 08:40:02
HB111.8.22桃山單攻.csv,12167.748256992236,1610.9088760828708,1622.2121304561665,0 days 08:57:00
HB1110115桃山⛰️.csv,10024.658327923655,1618.8611364480562,1593.9309394906375,0 days 12:24:40
HB112-9-24桃山單攻.csv,13685.34812544185,1629.0567990435081,1631.702544106345,0 days 10:26:25
HB12.03桃山.csv,9987.132900596553,1782.2694678697117,1784.1438673568723,0 days 08:05:22
HB20123-9-23爬桃山爬到厭世.csv,9623.774056524308,2115.3928655591203,2100.561525456419,0 days 10:45:07
HB2014-5-25單攻桃山.csv,11264.201000083249,1443.6008563861187,1663.99105275777,0 days 08:35:22
HB20200418 桃山.csv,2926.192795359377,999.43603515625,54.52392578125,0 days 04:38:06
HB20201212 桃山.csv,11628.514783835835,1581.4042589098287,1588.2130965402139,0 days 12:39:49
HB2021-11-25 武陵桃山上行.csv,5125.609889520267,1460.3306658656095,53.42154203633572,0 days 06:35:25
HB2021-11-28 桃山.csv,11369.894788479385,1717.312709459398,1717.050009836438,0 days 09:45:20
HB2021-11-7 桃山.csv,14318.658955859022,2766.6878180502545,2763.93198248199,0 days 14:53:47
HB2021-12-11 桃山.csv,11298.590711875648,1612.19462912037,1605.371431082677,0 days 11:27:09
HB2021-12-20 桃山單攻.csv,9952.208999493318,1905.9386920697618,1858.7964712819457,0 days 09:59:14
HB2021-9-26 桃山單攻.csv,12565.961622663957,1591.1873116906304,1590.7472811609566,0 days 10:25:49
HB20210320_桃山單攻.csv,11719.191658045795,1976.3624656526013,1924.0226404678508,0 days 11:56:43
HB20210927桃山單攻.csv,10273.782986188387,1636.3370892109733,1637.7495747415685,0 days 12:11:40
HB20211016-桃山單攻.csv,11006.549134889974,1554.3176243246387,1545.9714596168487,0 days 09:40:08
HB2022-10-08 桃山.csv,12348.867745480527,1625.082541277136,1624.7486054691788,0 days 09:59:07
HB2022-6-19 桃山.csv,12053.418205820944,1552.4370058821241,1553.4862306321172,0 days 09:45:11
HB2022-6-25 桃山.csv,16876.09022136796,1796.6722942147178,1704.378217885047,0 days 10:24:22
HB2022-6-3 桃山單攻.csv,5805.472360143795,1981.643119581815,608.2678968644043,0 days 06:20:53
HB2022-8-28 桃山單攻.csv,11500.804683442822,1799.2160597116806,1788.869070935234,0 days 11:17:11
HB2022-9-10 桃山.csv,10708.043521260928,2687.66532279866,2710.1676559130738,0 days 10:10:27
HB20220703_桃山單攻.csv,13839.7266373636,1895.6883823426656,1897.387528384128,0 days 12:19:39
HB20220710 一日桃山.csv,10147.99338964618,1369.4000244140625,1411.5999755859375,0 days 10:36:36
HB20220910中秋自虐桃山.csv,15957.599207762587,1714.4953172204484,1723.691704885982,0 days 12:33:11
HB2022100 重裝16kg上桃山.csv,7033.250099086006,1535.1005824197066,105.04299423114094,0 days 05:31:21
HB20221001桃山.csv,11934.443492894068,1589.7721202640707,1591.6132677536143,0 days 09:27:48
HB2022桃山.csv,17883.160801164257,1595.66185906329,1602.238932525036,0 days 10:34:58
HB2023-05-05 桃山單攻.csv,11284.205617686848,1609.5742457576107,1607.887385753789,0 days 09:34:27
HB2023-054桃山.csv,12618.460027496769,1352.564879872375,1368.8440755998622,0 days 11:25:15
HB2023-0617 桃山一日單攻成功.csv,11900.086066744578,1780.970997448213,1782.1348317367988,0 days 11:51:59
HB2023-09-16桃山單攻.csv,17587.757592207352,1991.4369042295239,1998.3307324573727,0 days 14:47:33
HB2023-09-23 一日桃山.csv,11997.050224524693,1879.5621867679756,1877.8395589947258,0 days 11:47:17
HB2023-10-15桃山單攻.csv,10502.648532122132,1597.4144719421765,1515.2109943565624,0 days 09:32:20
HB2023-10-2 桃山.csv,11940.072800320779,1727.425989645333,1726.6353562060365,0 days 11:01:16
HB2023-10-27 桃山.csv,12232.189585688879,1784.2186310224433,1784.7729663396026,0 days 11:38:48
HB2023-10-28 桃山單攻.csv,11491.589290081407,1765.0710555840164,1766.0007557250083,0 days 07:07:26
HB2023-10-9 桃山一日遊.csv,12673.41185441857,1684.6564546143527,1679.0998627738225,0 days 08:32:24
HB2023-11-25 桃山.csv,12713.407170078004,1653.8158888183355,1653.675148612349,0 days 12:38:23
HB2023-11-26 桃山單攻 (1).csv,15242.77702027738,1796.5003707272099,1798.1698285494253,0 days 09:37:17
HB2023-11-26 桃山單攻.csv,15242.77702027738,1796.5003707272099,1798.1698285494253,0 days 09:37:17
HB2023-11-4 桃山一日單攻.csv,7450.760455960454,1484.386010882805,950.1420796143402,0 days 12:35:22
HB2023-12-31 桃山.csv,12244.253177368526,1619.748127711159,1628.1969002409867,0 days 16:37:43
HB2023-3-23 桃山.csv,12692.12279291531,2377.4753801462457,2374.0105115050555,0 days 11:59:03
HB2023-4-3 桃山單攻.csv,11141.95194139065,1831.0672916336496,1761.1365022158664,0 days 11:07:02
HB2023-4-30 第一座百岳 桃山單攻.csv,3056.7090239646154,994.050643866155,5.972620686287428,0 days 04:12:41
HB2023-5-27 桃山.csv,12761.74852653427,1723.2175438402885,1714.8063934308561,0 days 10:33:38
HB2023-6-10 桃山單攻.csv,12192.09301406522,1725.4372128896507,1714.974363350943,0 days 11:39:45
HB2023-6-23 桃山.csv,7595.171937695521,1078.410164046244,1523.5254611180617,0 days 08:04:20
HB2023-6-8 桃山單攻.csv,11467.864089075429,1619.199047202934,1623.698524851151,0 days 09:47:55
HB2023-7-11 桃山.csv,12154.914641703426,1575.025717707308,1569.3064788822533,0 days 08:55:18
HB2023-7-11桃山.csv,21062.283023723914,6262.041829399663,6262.132334509894,0 days 10:41:55
HB2023-7-23 桃山單攻 (1).csv,11784.094696849808,1670.72247064159,1672.0734879123452,0 days 09:09:35
HB2023-7-23 桃山單攻.csv,13614.467099970409,1622.181109509361,1620.8944751370634,0 days 09:03:41
HB2023-7-5 桃山武陵.csv,5826.338877052227,93.70455234025894,1506.7402449697336,0 days 04:10:53
HB2023-8-12 桃山單攻.csv,11330.008487184574,1701.9350930676408,1628.2181602592607,0 days 10:27:42
HB2023-8-13 桃山.csv,11829.570320563118,1876.787812234022,1878.3438133123052,0 days 09:38:20
HB2023-8-13 重裝桃山訓.csv,13010.019953934996,2438.4642294506293,2437.2756293224415,0 days 13:25:56
HB2023-8-19 桃山.csv,11048.440712027912,1579.427076072293,1490.7217317367122,0 days 10:38:25
HB2023-8-26 桃山.csv,11142.53136694048,1626.2738076838452,1624.2252741296022,0 days 13:25:38
HB2023-8-27 桃山單攻.csv,17184.435616875224,1949.256247864327,1936.3857759547514,0 days 10:27:26
HB2023-9-24 桃山單攻練腿.csv,9359.787143806218,1484.5971964414166,1414.518699616506,0 days 07:06:35
HB2023.12.27桃山一日單攻.csv,20267.188056330295,1716.0624369648363,1902.454295764666,0 days 16:24:38
HB2023.9.17桃山單攻.csv,11442.630471066459,1521.8000488281257,1508.2000732421884,0 days 11:31:42
HB20230610桃山.csv,11918.936846545834,1804.1637311437282,1789.329982266726,0 days 11:45:11
HB20230711 桃山單攻.csv,27509.498618425398,2004.2739263048504,2166.170376072838,0 days 12:06:21
HB20231108桃山輕鬆自在行.csv,14385.788721819912,1520.4032718555707,1765.1969063021072,0 days 11:54:49
HB20231213-桃山單攻.csv,5148.343762809878,648.9783283647484,642.2706181374144,0 days 08:00:32
HB2024-02-02 武陵第一秀。桃山.csv,11459.606683108688,1649.955068698794,1647.4263003609883,0 days 12:56:55
HB2024-0608桃山單攻.csv,11924.709646346015,1639.6376561654813,1639.2247389890829,0 days 08:02:42
HB2024-1-29 桃山.csv,8437.664627314329,1183.4774799802708,1294.6281761048742,0 days 08:17:45
HB2024-10-13桃山單攻看日出.csv,12379.307128245433,1578.5824435231993,1586.09788370131,0 days 09:19:43
HB2024-10-22 桃山.csv,9599.847439125511,1765.8110816774595,387.91452846906145,0 days 11:56:51
HB2024-10-6 桃山步道.csv,14781.696558580818,2087.8566120341065,2097.760073120348,0 days 10:52:12
HB2024-11-09 單攻桃山.csv,12128.646976288152,1786.8057735278967,1786.3677122645815,0 days 12:17:37
HB2024-11-23桃山.csv,12510.98634332292,1624.4941248863136,1617.6483331946113,0 days 10:13:08
HB2024-11-24 ㄧ日桃山.csv,13707.130240582128,1869.3593049649978,1868.8913838551512,0 days 13:56:04
HB2024-11-24 小桃山猴子偷桃.csv,11584.004173078154,1748.3995011632946,1756.174738276454,0 days 10:11:35
HB2024-11-24 桃山單攻.csv,17717.048072580707,2174.575191438595,2187.0240044737125,0 days 14:17:08
HB2024-11-25 桃山.csv,12598.245774503335,1685.8826157424278,1677.2996230990252,0 days 11:57:05
HB2024-11-9 桃山.csv,13806.013394850102,1684.2821541393769,1714.5869539986697,0 days 12:26:58
HB2024-12-1 桃山單攻.csv,13538.927768169246,3029.9414999847113,3032.65579472622,0 days 09:45:45
HB2024-12-14 輕裝登山_桃山步道.csv,12002.506861179243,1630.2679402739445,1625.9264400838845,0 days 11:37:18
HB2024-12-15 晚間輕裝登山_桃山步道.csv,11772.04762035808,1844.7396507612375,1847.038149814519,0 days 10:33:24
HB2024-12-22 桃山.csv,15324.510777583828,1954.2354376372243,1959.672048421054,0 days 09:57:30
HB2024-12-22 桃山單攻.csv,12214.450101845168,1787.2274476310754,1816.333038451388,0 days 09:38:54
HB2024-12-22 桃山步道.csv,12645.67781215663,1777.9482220652815,1774.6557142949523,0 days 10:25:25
HB2024-12-22_桃山.csv,14553.641559268532,1775.7929297120609,1776.0780156547123,0 days 09:56:51
HB2024-12-23 晨間輕裝登山_桃山步道.csv,7955.523457967483,407.96673772594045,408.11640500130557,0 days 01:38:22
HB2024-12-28 晚間輕裝登山_桃山步道.csv,12198.788645962393,1587.743094645547,1590.2861944815056,0 days 08:56:22
HB2024-12-3 武陵農場桃山步道.csv,9070.822009897167,553.8219161982852,545.1885663071048,0 days 02:56:22
HB2024-12-31桃山.csv,14572.310269844611,1854.3027520227756,1863.1118955729557,0 days 09:48:45
HB2024-12-6 晨間輕裝上桃山.csv,11834.315329075978,1630.4401576710231,1636.6749252380832,0 days 09:53:19
HB2024-12-7 單攻桃山、池友山.csv,16625.48916945387,2005.5010147369603,2006.9081374934262,0 days 19:41:05
HB2024-12-7 晨間輕裝登山_桃山步道.csv,17363.713602589694,1628.928830571818,1717.3639243078364,0 days 10:45:28
HB2024-12-8 晚間輕裝登山_桃山.csv,11009.48817941104,1614.0568977410821,1614.9137308387278,0 days 08:50:12
HB2024-12-8 桃山單攻.csv,11128.831337134578,1399.442436291463,1663.163095697382,0 days 11:09:42
HB2024-2-23 桃山單攻去.csv,11172.357306603173,1608.7634098793314,1601.6718819846362,0 days 10:37:35
HB2024-3-15 晨間重裝桃山.csv,2271.810615573865,671.6985694715786,61.722062860140795,0 days 05:32:45
HB2024-3-21桃山步道.csv,8402.88352579892,523.7946177817298,514.1859040962404,0 days 02:22:42
HB2024-3-30 登桃山.csv,10910.717255904508,1444.4001845227097,1442.868955308938,0 days 12:10:29
HB2024-5-19桃山單攻.csv,4040.5490209455334,359.3790830335215,358.93337024052107,0 days 06:22:33
HB2024-5-5 桃山一日.csv,23992.275459794902,1968.646107732093,1883.5775613632914,0 days 09:22:27
HB2024-6-16 桃山.csv,10883.621416316892,1360.7446832570151,1770.708777380136,0 days 13:02:12
HB2024-6-17 桃山.csv,6394.965364535597,1574.328863659051,188.04704507772453,0 days 06:59:19
HB2024-7-1 桃山單攻🍑.csv,11146.229247564723,1618.3731056485774,1542.7737413596367,0 days 09:06:09
HB2024-7-19 桃山步道.csv,4145.32970539716,262.28479693803774,262.43277460957324,0 days 01:55:44
HB2024-7-7  武陵桃山.csv,11207.881798481907,1635.0112720613467,1576.769893758262,0 days 07:50:54
HB2024-8-10 桃山.csv,18265.76790265988,1686.767405289943,1761.6632992253064,0 days 12:29:32
HB2024-8-11 晨間輕裝登山_桃山步道.csv,8911.939740120159,580.0922935128738,575.1985420690373,0 days 02:42:18
HB2024-8-24 桃山單攻.csv,15857.123923477213,2263.6172280653263,2314.624142032164,0 days 14:51:05
HB2024-9-1 晨間輕裝登山_桃山步道.csv,15026.043176452213,1504.2541563432828,1743.463530691829,0 days 09:50:53
HB2024-9-1 桃山.csv,10395.501527177514,1887.140870952129,1806.5273435730605,0 days 11:05:49
HB2024-9-1 桃山單攻.csv,10232.253267650882,1584.884493579217,1584.0473843297698,0 days 09:34:32
HB2024-9-18 午後輕裝登山_桃山步道.csv,5729.340687317765,967.5767404772332,950.9363408290058,0 days 06:36:30
HB2024.12.16  桃山.csv,9907.127531844635,1560.6902792603937,1551.7479304322794,0 days 12:04:57
HB20240214桃山.csv,15157.166906046827,1729.0278177469647,1668.2687939720706,0 days 14:48:49
HB20240303 與柯桃山初百岳.csv,9473.494595009546,1542.1987991773315,1488.3962539991956,0 days 11:35:59
HB20240303阿姿第一座百岳桃山.csv,10624.294237658423,1631.9390092393141,1621.3646024471066,0 days 11:53:40
HB20240421桃山.csv,9790.963826111103,1603.7359614156837,1608.1568715194717,0 days 10:48:04
HB20240615桃山.csv,12806.207384965719,1772.4079293785974,1685.6984108153829,0 days 13:16:14
HB202408-10 桃山之行 硬啊.csv,13514.722675700554,1881.2787690792713,1886.8334572435638,0 days 11:22:53
HB20240917桃山.csv,12199.120905932075,1693.0991303148005,1690.6564848354988,0 days 09:40:26
HB20241012桃山單攻.csv,11028.602858676391,1638.010275580042,1627.8499115537327,0 days 08:58:18
HB20241029桃山單攻.csv,11217.575200963473,1706.367737969682,1706.8235950901667,0 days 11:08:53
HB2025-04-04 桃山.csv,9010.973893661878,1608.8891058848942,1473.6808208915104,0 days 09:12:53
HB2025-05-17 桃山單攻.csv,16694.91830081792,1584.0479062550203,1598.667167442909,0 days 09:24:16
HB2025-06-23 晨間輕裝登山 _ 2025-06-23 桃山單攻.csv,11169.588588372417,1543.9985828439808,1542.676735248815,0 days 09:11:29
HB2025-1-26 輕裝桃山.csv,13735.833242561794,2034.14653758312,2041.048025159849,0 days 12:55:44
HB2025-2-21 晨間重裝登山_桃山步道.csv,5819.552904435201,911.8208079148844,911.7588272902724,0 days 06:27:06
HB2025-4-12 晨間輕裝登山_桃山.csv,14919.197475681032,1792.9601110037413,1724.2727699210964,0 days 10:38:13
HB2025-4-4 桃山一日單攻.csv,12490.336563383256,1616.052842225898,1628.7795068251612,0 days 10:08:37
HB2025-5-17 桃山單攻.csv,12135.787914531777,1710.7879950849892,1726.488723013396,0 days 08:12:29
HB2025-5-18  桃山單攻.csv,11252.037411834941,1612.5193133078167,1623.047603375636,0 days 07:46:39
HB2025-5-18 桃山單攻.csv,12709.468023969686,1620.3696770117397,1616.7271647837117,0 days 08:03:11
HB2025-5-20 登桃山一日遊.csv,8866.962038909136,1544.4579785711692,818.6010720294009,0 days 09:03:58
HB2025-5-3 大鵰桃山單攻.csv,11524.848974321536,1613.540216532963,1617.1350086177004,0 days 08:35:57
HB2025-5-30 端午節桃山單攻.csv,11038.926248976135,1892.100878200255,1888.098194507856,0 days 09:08:47
HB2025-5-31端午節桃山單攻.csv,12515.937052044063,1549.3944751563017,1457.3936374969971,0 days 08:18:12
HB2025-6-10 桃山單攻.csv,11162.369834487592,1605.759889988822,1599.9240237548709,0 days 08:18:36
HB2025-6-15 桃山12刷.csv,9816.491429008322,1498.8286186198502,1506.3118847046678,0 days 08:35:50
HB2025-6-19 桃山單攻.csv,9427.28999754722,1483.331590154561,1583.9867567962162,0 days 09:44:11
HB2025-6-23 桃山單攻.csv,11316.710178322517,1594.5960206913528,1594.636917404804,0 days 11:06:21
HB2025-6-29 桃山.csv,11901.885800442351,1578.8296659691302,1586.6047117026098,0 days 09:36:00
HB2025-6-8 桃山11刷.csv,10067.095240201183,1512.3077285822135,1509.4524116793002,0 days 08:57:06
HB240328桃山.csv,4375.2807045206155,86.4142221372831,1396.8116926369225,0 days 03:37:57
HB5-25-25 晨間輕裝登山 桃山瀑佈.csv,8558.867528099136,506.02115081070656,494.9504408648022,0 days 02:02:16
HB713桃山單攻.csv,11438.984823273977,1534.6854244398223,1519.5824642533396,0 days 09:34:18
HB8-11-2023單登桃山.csv,10780.061033719174,1623.5748477247582,1612.0843423000076,0 days 08:19:44
HBAmouter單攻桃山.csv,13909.167525338327,1801.1955043360713,1684.3939825838631,0 days 11:17:20
HBJayden-桃山.csv,13314.250075471959,1676.2019042968766,1730.4018554687514,0 days 02:41:12
HB「桃山」單攻.csv,13314.250075471959,1676.2019042968766,1730.4018554687514,0 days 02:41:12
HB一日桃山 (1).csv,10940.788152344887,1570.725129169149,1570.4107772765865,0 days 11:03:05
HB一日桃山 (2).csv,11219.485506974597,1592.1011927584786,1596.465811065197,0 days 09:32:34
HB一日桃山.csv,14103.123114538463,1775.6871541181658,1772.597690833927,0 days 14:35:16
HB一日桃山單攻.csv,11944.062622401376,1655.187847829242,1655.9011289399944,0 days 09:33:43
HB一日桃山散步行.csv,12788.0089281066,1710.8356006127776,1726.0228202430453,0 days 08:50:47
HB初百岳-桃山.csv,10971.45447949654,1535.0171496117105,1531.9656905775128,0 days 10:47:52
HB台中。和平。武陵桃山步道.csv,8622.141210518332,538.0275728857009,542.5888797301363,0 days 03:33:16
HB單攻桃山 (1).csv,11971.871278676805,1570.8318290140946,1574.393934546137,0 days 10:49:31
HB單攻桃山 (2).csv,10827.473934860429,1694.3668109224361,1592.1738810464706,0 days 10:09:57
HB單攻桃山.csv,12001.76229286506,1663.660869378615,1678.6410695202737,0 days 12:07:31
HB單攻百岳No.48 桃山.csv,13778.4218255683,2935.986038726434,2921.9662355331384,0 days 11:43:41
HB大霸尖山行前訓練-單攻桃山.csv,11670.380153766606,1668.8816705204679,1674.4444138214926,0 days 10:25:00
HB我的第一座百岳-桃山.csv,10683.016421810089,1506.2506390249066,1505.757937529193,0 days 09:39:23
HB新竹台中交界_桃山一日單登.csv,11159.366291451677,1620.303486682804,1616.3119316320574,0 days 11:50:56
HB晨間輕裝登山 桃山.csv,10318.30476127398,2006.7560708703136,1994.671781668361,0 days 10:41:17
HB桃山 (1).csv,11154.860782201775,1598.2275428771966,1609.5190467834466,0 days 10:28:56
HB桃山 (10).csv,10564.848921365181,1815.9131952805064,1737.5956357798225,0 days 09:46:59
HB桃山 (11).csv,10826.38755280108,1512.3818597961283,1509.8162190134492,0 days 10:08:18
HB桃山 (12).csv,16609.245540499793,2695.1804060232153,2606.42997500693,0 days 13:50:42
HB桃山 (13).csv,10338.077149957368,1490.907209843663,1489.6287295549243,0 days 08:32:51
HB桃山 (14).csv,5353.06395750087,1480.3953156517798,113.50219985091621,0 days 07:36:39
HB桃山 (15).csv,11155.303087888034,1600.623220062133,1603.9712425724301,0 days 06:46:22
HB桃山 (16).csv,12964.148548904754,1682.4962277586574,1688.7635588672385,0 days 10:25:22
HB桃山 (17).csv,11991.696377760198,2026.7946316538719,2025.6695857138354,0 days 12:14:45
HB桃山 (18).csv,9326.97578999572,1628.603240468694,1542.0516164550052,0 days 09:24:56
HB桃山 (19).csv,9828.3598415409,1517.6176068264158,1487.1130857312455,0 days 09:20:47
HB桃山 (2).csv,16895.043220734995,3805.65749827092,3722.8981109889282,0 days 10:28:50
HB桃山 (20).csv,5346.653207952105,2393.768781882296,1066.7038627329287,0 days 07:19:05
HB桃山 (21).csv,12034.490360178186,1745.2407184879828,1691.2524478305113,0 days 11:32:26
HB桃山 (22).csv,12819.093930625238,1873.8070742214177,1857.0263541227825,0 days 09:51:21
HB桃山 (23).csv,9872.532911223909,1516.4187806749057,1516.910699878662,0 days 08:26:57
HB桃山 (24).csv,21918.072767510395,1598.8369428939513,1518.036573865807,0 days 11:55:47
HB桃山 (25).csv,11092.120240713308,1596.91097475394,1609.3822599679781,0 days 10:20:54
HB桃山 (26).csv,10937.171124315422,1528.8685056518882,1527.735139900089,0 days 11:03:53
HB桃山 (27).csv,10388.28212054079,1703.4168562882924,1693.4512446656236,0 days 11:49:24
HB桃山 (28).csv,10142.996678822554,1685.690084077417,1775.1005542064077,0 days 12:14:32
HB桃山 (29).csv,10565.09092744023,1800.2122510650631,1813.3119231300195,0 days 11:38:58
HB桃山 (3).csv,10827.092409878114,1700.7246254507177,1690.452090120804,0 days 10:28:35
HB桃山 (30).csv,12319.317909890398,1749.7649409400115,1661.131418095968,0 days 09:13:33
HB桃山 (31).csv,12609.886359051294,1993.1725550101205,2006.6144682023041,0 days 09:55:03
HB桃山 (32).csv,16352.91501319277,2532.799150579373,2475.2216890177324,0 days 10:57:52
HB桃山 (33).csv,12907.368313786747,1650.6190254939688,1648.233550261703,0 days 11:19:12
HB桃山 (35).csv,13411.082041239839,1849.228392916729,2095.7363042924526,0 days 12:53:17
HB桃山 (36).csv,6440.521325591509,1405.2792879647598,1314.341453684602,0 days 06:00:47
HB桃山 (37).csv,26265.153153492414,1612.8521581050268,1606.4360467195768,0 days 10:27:25
HB桃山 (38).csv,10135.59194248026,1761.1563253217105,1667.9412840778216,0 days 13:17:18
HB桃山 (39).csv,10740.761886402874,1772.5049948118883,1781.1131903017083,0 days 10:43:58
HB桃山 (4).csv,7496.554876058174,1583.8625883813913,212.13838598969983,0 days 05:54:20
HB桃山 (40).csv,11026.029737541372,1709.4451164161894,1700.6834987499922,0 days 09:25:30
HB桃山 (41).csv,11985.970318185384,1569.4151054155807,1561.3990178627619,0 days 09:18:14
HB桃山 (42).csv,10844.70142193426,1816.2169393718784,1819.6647358944558,0 days 08:17:57
HB桃山 (43).csv,13447.334167048411,2718.3162376884366,2700.6887737247325,0 days 11:39:48
HB桃山 (44).csv,11399.88186030674,1622.753057572485,1622.1269558221097,0 days 10:21:12
HB桃山 (45).csv,12424.743174534984,2396.3154761218266,2380.2716103103994,0 days 10:13:45
HB桃山 (46).csv,11218.698649202568,1657.9577658485941,1676.029116133263,0 days 12:17:50
HB桃山 (47).csv,5762.72469567024,1864.9945937515938,418.3515228442616,0 days 06:24:42
HB桃山 (48).csv,11328.943456810033,1602.0367066659207,1515.4329595841796,0 days 09:15:46
HB桃山 (49).csv,12372.978131886348,1574.8946095016697,1566.5560071924945,0 days 11:18:47
HB桃山 (5).csv,11030.292737964157,1588.358313316333,1601.056243016877,0 days 09:12:12
HB桃山 (50).csv,8531.871545512133,1501.0405029232113,1587.9902119575288,0 days 11:21:14
HB桃山 (51).csv,12285.565522602083,1990.2664525540517,1792.3095182964726,0 days 10:20:27
HB桃山 (53).csv,2351.3128993921687,1042.5267756610706,375.00384146207125,0 days 03:38:15
HB桃山 (54).csv,11422.797096570595,1870.6986181036734,1860.2483705617346,0 days 11:06:03
HB桃山 (55).csv,11926.227499418974,1710.1483911741534,1715.6865548677752,0 days 11:01:12
HB桃山 (56).csv,14731.54558731802,1325.6191406249998,1505.7832031249998,0 days 16:02:53
HB桃山 (57).csv,8323.66309848815,2198.7346165880845,837.2557471366547,0 days 08:42:09
HB桃山 (6).csv,10317.874251034611,1573.1166717567794,1482.461336644304,0 days 09:44:43
HB桃山 (60).csv,3976.562286758949,3783.284733640751,2629.687230850683,0 days 04:56:32
HB桃山 (61).csv,7540.1214185534145,1702.528476715088,461.16796875,1 days 00:05:27
HB桃山 (7).csv,12706.532532407406,1813.7484321028028,1810.6573154642617,0 days 11:18:19
HB桃山 (8).csv,9393.687669769486,1414.0561915296416,1406.6226317174828,0 days 08:31:20
HB桃山 (9).csv,10827.358945547214,1531.1050981668332,1509.1130081653087,0 days 08:20:05
HB桃山 克啦業.csv,25627.79637669681,6236.931881041627,6237.081592424336,0 days 13:31:12
HB桃山.csv,9797.630570363692,1517.1543535389685,1424.3233779658692,0 days 10:29:54
HB桃山1126.csv,11738.126646957673,1880.2513226345352,1883.6839579433906,0 days 11:12:42
HB桃山2.1K野餐20240316.csv,5594.703260366748,795.1547435733985,860.2879547149496,0 days 05:06:56
HB桃山20210411.csv,10162.007082521885,1466.599609375,1460.19970703125,0 days 08:18:18
HB桃山2023-4-27.csv,12314.550274087342,1567.7653569282272,1841.9201985662803,0 days 12:18:15
HB桃山一日單攻 (2).csv,11812.612617239842,1673.1851636108008,1664.7450585386518,0 days 10:43:54
HB桃山一日單攻.csv,23305.467861789806,2152.8617079839178,2009.8692866249976,0 days 16:12:24
HB桃山一日單攻_20220416.csv,10805.33294017703,1526.2776192929668,1524.3153825979732,0 days 11:25:12
HB桃山不要再去了.csv,14741.226177725965,1738.763826219505,1843.5303586217358,0 days 14:18:49
HB桃山單.csv,10151.302509108422,1825.232492026518,1759.5714412786454,0 days 13:20:58
HB桃山單攻 (10).csv,10845.092822271134,2146.2537644317226,2143.5031035745005,0 days 11:21:49
HB桃山單攻 (11).csv,14682.395688582988,1669.3412469378886,1668.288476461792,0 days 10:12:41
HB桃山單攻 (12).csv,10447.450375362163,1623.5506072517762,1621.5715093045746,0 days 09:37:41
HB桃山單攻 (13).csv,8691.585966842998,1662.2843912919918,1570.858331971293,0 days 10:32:44
HB桃山單攻 (14).csv,11446.384472433987,1567.1086840121043,1576.0901836685694,0 days 11:19:35
HB桃山單攻 (15).csv,16984.582251752487,2435.8541284116595,2432.783120848939,0 days 10:01:08
HB桃山單攻 (16).csv,9518.32635000629,2458.2729982226037,2322.921425303477,0 days 09:58:14
HB桃山單攻 (17).csv,11293.638418783168,1535.4332188187443,1536.3642548849512,0 days 07:56:04
HB桃山單攻 (18).csv,13053.996787128062,1653.3042569610755,1639.943250619846,0 days 07:51:05
HB桃山單攻 (19).csv,12753.795427799221,2539.6295760148214,2539.6913423299056,0 days 10:35:22
HB桃山單攻 (2).csv,12207.260825499821,1839.8654380766018,1829.5275434065818,0 days 06:22:45
HB桃山單攻 (20).csv,10755.708474606567,1521.384346343396,1518.688223642287,0 days 09:50:56
HB桃山單攻 (21).csv,12296.551422920042,1733.8847474952759,1744.441197515248,0 days 09:12:58
HB桃山單攻 (22).csv,10430.550406994254,1613.3532479186795,1615.9738506531105,0 days 07:15:03
HB桃山單攻 (23).csv,10292.822199553828,1703.995779948894,1707.1884106230486,0 days 12:13:53
HB桃山單攻 (24).csv,10408.326325880538,1519.3277229401979,1530.8700265038315,0 days 10:05:28
HB桃山單攻 (25).csv,18220.965667407476,2044.2610557624505,2138.488560399036,0 days 09:52:08
HB桃山單攻 (26).csv,11251.778412722859,1849.0185668918793,1844.3676338711316,0 days 10:57:03
HB桃山單攻 (27).csv,11113.48960533459,1529.3858170357755,1534.5518630576794,0 days 11:43:14
HB桃山單攻 (28).csv,6083.891272259829,1988.1322277311078,614.0066075164666,0 days 04:45:28
HB桃山單攻 (29).csv,6085.134577656753,1614.3898092715117,174.10033579858305,0 days 05:15:26
HB桃山單攻 (3).csv,24518.640173216707,1608.2093562764135,1542.7818181610926,0 days 10:53:56
HB桃山單攻 (30).csv,11891.863400884877,1600.7384878483094,1606.1691192331102,0 days 10:56:40
HB桃山單攻 (31).csv,11425.86164589496,1674.3894864367408,1661.3452763073112,0 days 09:57:22
HB桃山單攻 (32).csv,14059.977358174023,1781.3445271173034,1777.969030188559,0 days 10:28:30
HB桃山單攻 (33).csv,12814.279884296293,2043.1632188630117,2046.0370693881341,0 days 11:11:46
HB桃山單攻 (34).csv,10713.50828824999,1523.0172360040708,1531.8269543672693,0 days 04:46:06
HB桃山單攻 (35).csv,10948.589576773751,1606.5931718611619,1607.973960893798,0 days 08:25:28
HB桃山單攻 (36).csv,10814.737629957257,1612.1755051981022,1607.9450741902788,0 days 10:51:24
HB桃山單攻 (37).csv,10814.737629957257,1612.1755051981022,1607.9450741902788,0 days 10:51:24
HB桃山單攻 (38).csv,10964.162059948347,2126.8086273240006,2132.1397241933673,0 days 09:19:03
HB桃山單攻 (39).csv,11370.324116814872,1922.1910422512274,1632.7938758875512,0 days 08:29:07
HB桃山單攻 (4).csv,12033.531298676737,1541.2023735972557,1534.4327928289765,0 days 11:03:52
HB桃山單攻 (40).csv,10782.741892057144,1709.8463477280663,1717.3499702757724,0 days 08:11:01
HB桃山單攻 (41).csv,9012.285771036117,1424.4738490690927,1424.2622117279006,0 days 06:32:40
HB桃山單攻 (42).csv,12227.970186524812,1659.8185147877375,1657.6889400490752,0 days 08:45:15
HB桃山單攻 (43).csv,12198.306171014992,2110.1461612894345,2100.6330602316984,0 days 11:33:20
HB桃山單攻 (44).csv,5035.53970571384,1508.442531527086,85.68498575778904,0 days 07:43:55
HB桃山單攻 (45).csv,5674.773147782531,856.1152310897173,923.1286628221453,0 days 10:01:22
HB桃山單攻 (46).csv,10492.027114848128,1806.4080770821233,1806.4078908897213,0 days 11:13:10
HB桃山單攻 (47).csv,11543.092736250714,1721.0413774582723,1720.3035179492065,0 days 11:34:25
HB桃山單攻 (48).csv,18253.032027151257,1786.5841223935095,1820.6366236735691,0 days 08:47:50
HB桃山單攻 (49).csv,11928.553694444205,1573.5599309592608,1576.063139253883,0 days 12:42:27
HB桃山單攻 (5).csv,10764.313023039707,1953.2654491750397,1907.3492986154467,0 days 11:22:50
HB桃山單攻 (50).csv,18594.166877184358,2367.0608307005805,2371.251637060195,0 days 12:25:00
HB桃山單攻 (51).csv,11388.664880522427,1628.670056152224,1610.6492801565623,0 days 11:16:15
HB桃山單攻 (6).csv,11040.257410950497,2018.3976660628155,1972.4815155032225,0 days 11:22:50
HB桃山單攻 (7).csv,9698.387192738996,1885.607950672997,1775.173098805947,0 days 12:10:06
HB桃山單攻 (8).csv,9912.89821005209,1530.062422158302,1518.7920690291676,0 days 08:49:28
HB桃山單攻 (9).csv,11578.340983291011,1574.2127961394074,1573.6436518127134,0 days 09:50:02
HB桃山單攻.csv,13078.324337938759,1714.144768001867,1719.653984090585,0 days 12:53:01
HB桃山單攻2022-07-22.csv,10004.13496511214,1371.7,1370.0,0 days 08:50:27
HB桃山單攻20220730.csv,12016.617413988677,1659.499385846481,1653.7643375811476,0 days 09:11:54
HB桃山單攻20240120.csv,9915.724698888755,1547.8347512198554,1551.9896144557047,0 days 09:06:12
HB桃山單攻20240714.csv,12176.104854638692,1799.1624946109816,1805.788547641801,0 days 10:45:49
HB桃山單攻無傷完登.csv,10396.14602146828,1820.4327239195245,1813.0748417291059,0 days 08:44:00
HB桃山單日單攻.csv,12814.809471894603,1715.5809383101873,1718.3299405541188,0 days 10:24:19
HB桃山單登 (1).csv,10190.748653703435,1558.8636414379262,1578.652808956772,0 days 10:10:09
HB桃山單登.csv,12126.460731790097,4841.896764414354,4992.863745774313,0 days 11:27:09
HB桃山完工.csv,11439.666166084022,1562.3006399312133,1556.6674287839928,0 days 08:25:43
HB桃山小辣椒.csv,11905.298173997537,1596.2473426616248,1587.199332100439,0 days 08:53:32
HB桃山步道 (1).csv,10095.148032168341,625.2706600495217,626.700518066411,0 days 03:54:22
HB桃山步道 (2).csv,9711.408428463043,692.0262385391586,712.6215141105336,0 days 02:50:00
HB桃山步道 (3).csv,6516.021801611649,477.4917077095424,472.61707680844233,0 days 02:41:05
HB桃山步道 (4).csv,8405.317930965839,594.7332257902535,587.7814544451871,0 days 02:45:28
HB桃山步道 (5).csv,2229.0668254721672,148.11381171364246,155.721963637508,0 days 01:01:35
HB桃山步道.csv,12552.44933593677,1713.477168738969,1689.3476221962928,0 days 09:46:14
HB桃山登山 (1).csv,9963.565118267425,1550.1784017127266,1466.2948779765777,0 days 11:18:18
HB桃山登山.csv,9963.565118267425,1550.1784017127266,1466.2948779765777,0 days 11:18:18
HB桃山百岳.csv,6165.653615155671,1535.6200584656249,144.1225969053728,0 days 07:05:05
HB桃山第八刷20240511.csv,9437.141664845863,1470.2997795045567,1468.7000518993987,0 days 06:13:56
HB桃山第十刷.csv,11315.009545836921,1757.8126645646926,1801.6309417715972,0 days 07:30:06
HB桃山行.csv,5244.94266935027,1461.9242535925844,39.074436281576254,0 days 05:04:09
HB桃山軟爛行程.csv,10119.887637948279,1588.5406040300063,1586.0311354389958,0 days 10:53:10
HB桃山🍑一日單攻.csv,10455.319986086273,1605.1750361760962,1610.5336931731738,0 days 10:49:37
HB桃山，2023-11-4 晚間輕裝.csv,11459.422235477363,1791.5716736845004,1789.450524715719,0 days 09:24:34
HB桃山，go.go.go.csv,14904.064604561541,1770.4909930594858,1774.227152468598,0 days 12:07:10
HB桃山￼.csv,3940.8117591879727,843.6422873196871,739.2982501281044,0 days 05:26:03
HB武陵一秀 - 桃山.csv,12929.325301646624,1864.3035778317474,1859.0247740772036,0 days 07:20:17
HB武陵桃山 (1).csv,13486.242602930412,1579.1947908049433,1585.6584029807345,0 days 11:08:39
HB武陵農場桃山.csv,3545.311863485748,411.8353576660156,1357.5172424316406,0 days 05:20:43
HB百岳-桃山 (1).csv,10710.423279897599,1590.7301878391327,1606.2730428069428,0 days 09:18:20
HB百岳-桃山.csv,10636.008216278402,1717.0032471568122,1700.3884860039489,0 days 09:27:58
HB石猴桃山沼平.csv,6300.728132056718,774.60009765625,768.224609375,0 days 01:51:50
HB聖誕桃山.csv,11429.237507909806,1842.0435080206164,1828.3548516002024,0 days 11:25:17
HN0521桃山單攻.csv,17097.76976368536,2760.0961269987592,2754.275910444542,0 days 10:12:27
HN1100514桃山.csv,12522.084859968018,2269.0,2269.0,0 days 10:19:25
HN1110925桃山.csv,16357.436430637312,2589.97916395225,2593.646611272436,0 days 09:41:22
HN1120521桃山單登.csv,14824.893955052006,2380.394386096851,2366.8817115202473,0 days 10:02:20
HN1130920單攻桃山.csv,14805.508065337473,4049.9106434105743,4055.5968854051875,0 days 08:26:07
HN13825桃山單攻.csv,13035.75407838461,2718.48291015625,2718.48291015625,0 days 12:07:58
HN2017-04-30 桃山單攻.csv,14962.711131342301,2008.6599999999985,1917.3299999999986,0 days 10:51:35
HN20190914桃山單攻.csv,11401.881532572954,1552.0199999999988,1576.9999999999989,0 days 12:31:58
HN20200716 - 一日單攻桃山.csv,13800.62629768161,1481.099999999999,1482.2999999999988,0 days 07:50:30
HN20201031桃山.csv,11726.200792445177,3947.243113000003,3476.5350630000003,0 days 07:02:51.248000
HN2020322桃山單攻.csv,13164.505918725876,2711.0,2716.0,0 days 12:13:13
HN2021-03-13_桃山一日單攻.csv,15341.833989719633,2311.0,2356.0,0 days 11:51:24
HN2021.04.17桃山單攻.csv,27347.946709441687,4729.149879000008,4734.854153999997,0 days 12:32:55
HN20210321 桃山.csv,13309.63895004299,1547.2032470703152,1610.403320312503,0 days 10:07:34
HN20210814桃山單攻.csv,7856.472901952522,3730.9661140148137,2183.8655217878336,0 days 04:37:05
HN20211205桃山.csv,16954.76272806759,2865.1086944379467,2873.017143208598,0 days 11:35:15
HN20211210桃山單攻.csv,12452.552636090346,3203.0,3203.0,0 days 09:53:42
HN2021桃山.csv,13102.227637065513,5118.911505508488,3934.596684345481,0 days 09:24:17
HN2022.12.24 桃山.csv,16603.20958156478,2718.0273748096092,2707.4266603151345,0 days 11:40:10
HN20220404桃山單攻.csv,14622.495074787877,2507.9275316512153,2415.4714010276366,0 days 09:10:09
HN20220414桃山單攻.csv,15585.812426341414,2885.218846851036,2890.1716007214745,0 days 09:06:05
HN20220704 桃山單攻.csv,23651.142067708075,3343.228102467024,3338.6046211589164,0 days 12:28:36
HN20220806 桃山.csv,14320.352643496071,2282.3420078586855,2274.716356044946,0 days 08:18:08
HN20221121桃山單攻.csv,16544.375559098575,3346.0082573075633,3341.665815542987,0 days 11:31:31
HN20221211 桃山單攻.csv,15799.277104867551,3717.4859786689576,3714.2314308140644,0 days 11:58:46
HN2023-04-22_附中桃山單攻.csv,14039.584084470265,2441.600000000004,2429.5999999999995,0 days 10:18:06
HN20231014 - 15 米羅佐得寒上桃山(米佐桃縱走).csv,18489.35499081949,2411.0,2119.0,1 days 06:09:50
HN20231026桃山.csv,9189.217645726803,1519.2399902343752,1527.2541503906252,0 days 10:50:08
HN2024.12.07單攻桃山初體驗.csv,13382.341276365412,2644.9190115165006,2544.170283601623,0 days 09:07:17
HN20240902 桃山單攻.csv,10353.919615486613,2420.3883098260508,997.7444289251205,0 days 05:40:07
HN20250517-桃山.csv,13065.759118889087,2408.500783831525,2414.2893634016573,0 days 08:52:27
HN20251221桃山單攻嗚嗚嗚.csv,16791.49807072637,3116.6079295249483,3121.8084895368493,0 days 11:08:03
HN228桃山單攻GO.csv,21761.17817059993,8323.702423000012,8124.178057000003,0 days 10:46:43
HN240517桃山單攻.csv,10497.169813274455,2159.5999755859375,2175.5999755859375,0 days 08:06:43
HNBENTANG桃山單攻.csv,23509.020216807803,5783.4279077955325,5782.553808741758,0 days 12:01:47
HN一日桃山 (1).csv,11436.219626735267,1755.0,1753.0,0 days 09:34:58
HN一日桃山.csv,14917.4745032388,2728.8203260224236,2743.6855768212945,0 days 09:20:32
HN一日桃山單攻.csv,12468.491161193391,1926.0,1937.0,0 days 05:58:24
HN佐得寒喀桃山武陵.csv,1036.8808897253593,437.07000000000016,6.8900000000001,0 days 01:53:05.900000
HN包愛罐帶小孩桃山單攻.csv,21295.432149529253,3472.239105285149,3473.3047200525216,0 days 12:31:56
HN單攻桃山 (1).csv,17806.379176355713,6691.795028999991,6692.431340000013,0 days 12:26:49
HN單攻桃山.csv,13534.08553431084,2739.055133034485,2734.499238405294,0 days 08:55:58
HN單攻桃山（上）.csv,12421.73500336845,2383.482677769914,957.3949240083532,0 days 07:29:08
HN小魚桃山生日趴.csv,13592.752411116655,2444.7985245734453,2449.702911376018,0 days 09:30:45
HN慢速單攻桃山.csv,9714.901871070328,2389.9396023101463,2443.387110401527,0 days 09:17:38
HN桃山 (1).csv,15421.098027339534,4085.6211495119906,4083.6887625912022,0 days 14:47:12
HN桃山 (10).csv,7231.639155932466,1578.4374999999998,1559.6553955078123,0 days 07:09:48
HN桃山 (11).csv,10016.723373321309,2407.0,2453.0,0 days 08:26:45
HN桃山 (12).csv,10426.608068681879,1263.629822195518,2525.3281531445787,0 days 07:51:42
HN桃山 (13).csv,12114.270629784498,1761.0015869140618,1766.801513671874,0 days 08:38:40
HN桃山 (14).csv,15609.356047290694,3235.291396277953,3150.8603222984784,0 days 11:39:14
HN桃山 (15).csv,11146.298817342116,2099.0,2088.0,0 days 11:37:47
HN桃山 (16).csv,11146.298817342116,2099.0,2088.0,0 days 11:37:47
HN桃山 (17).csv,12475.72277679306,2226.822243679315,2216.010569132866,0 days 07:57:15
HN桃山 (18).csv,15572.057453562355,2370.6267547225534,2377.4805689640343,0 days 09:09:14
HN桃山 (19).csv,10479.742155250606,1653.511278564983,1644.1113763519709,0 days 10:52:31
HN桃山 (2).csv,16684.985679034835,3770.0,3792.800048828125,0 days 10:49:43
HN桃山 (20).csv,14035.082340678066,3044.0334729943534,2952.741628019149,0 days 09:00:19
HN桃山 (21).csv,14646.94831780958,3206.799285872844,3130.406641973188,0 days 10:18:11
HN桃山 (22).csv,18075.131474754206,3341.0,3341.0,0 days 12:30:49
HN桃山 (23).csv,16638.256514595283,3058.4392765061984,3062.1699152058013,0 days 10:18:38
HN桃山 (24).csv,14989.934263003663,2232.7325818477066,2242.4792537835583,0 days 09:13:42
HN桃山 (25).csv,18654.83211259401,2910.254822948009,2922.118317976584,0 days 10:42:33
HN桃山 (26).csv,8663.191290970795,2192.522819537668,761.950813712551,0 days 06:34:57
HN桃山 (27).csv,18632.56788417654,3211.940434436313,3216.298156581819,0 days 12:10:39
HN桃山 (28).csv,5591.308112531277,1909.0,492.0,0 days 04:50:06
HN桃山 (29).csv,16186.188398047574,2180.097903920707,2170.085155260188,0 days 10:05:43
HN桃山 (3).csv,9457.57498485037,1834.300048828125,1835.300048828125,0 days 09:27:44
HN桃山 (30).csv,15251.702659672672,6702.7195302715145,6648.608200457933,0 days 10:09:38
HN桃山 (31).csv,19959.038784714474,3201.0,3394.0,0 days 13:44:38
HN桃山 (32).csv,12221.117153571726,2128.200034867985,2102.6934987725826,0 days 10:20:49
HN桃山 (33).csv,19224.886088457937,7114.47268099738,7112.796969959511,0 days 12:40:12
HN桃山 (34).csv,25919.634504754635,5046.481021033551,5048.661288562249,0 days 14:37:21
HN桃山 (35).csv,18626.45214906464,3837.8731163758657,3832.866204249658,0 days 13:51:26
HN桃山 (36).csv,8013.013121663031,1463.8499999999995,1425.5699999999995,0 days 05:13:12.304000
HN桃山 (37).csv,11458.380913839761,2150.0,2177.0,0 days 11:30:17
HN桃山 (38).csv,15797.887468725425,2605.991003137772,2614.8199858563185,0 days 11:37:05
HN桃山 (39).csv,2923.2608250085295,1350.4295654296898,1377.9488525390648,0 days 02:02:05
HN桃山 (4).csv,15137.362033139527,2870.401038145651,2866.5380057832263,0 days 09:02:46
HN桃山 (40).csv,11345.661194976436,11698.695904902708,11690.422495984683,0 days 08:52:59
HN桃山 (41).csv,5793.4187278126265,1736.0,323.0,0 days 06:27:24
HN桃山 (42).csv,21538.742659614476,7503.764121473952,7504.0485344139,0 days 14:31:03
HN桃山 (43).csv,16910.38497713226,2839.400207815697,2835.92958001886,0 days 09:23:50
HN桃山 (44).csv,6926.374101934597,538.4858006339764,1862.8251876235038,0 days 03:49:59
HN桃山 (45).csv,10507.638984021896,3328.172942359467,3327.9302385732003,0 days 10:16:01
HN桃山 (46).csv,14488.75144152103,1736.6311209999974,1739.1883279999975,0 days 09:39:39
HN桃山 (47).csv,23327.0095355254,3498.4325410000056,3578.6944730000023,0 days 12:21:23
HN桃山 (48).csv,13796.635409882436,1800.0451500000001,1812.9572800000003,0 days 09:44:17
HN桃山 (49).csv,8827.491756734424,950.4849379999964,1057.5702309999963,0 days 03:19:01
HN桃山 (5).csv,11814.474405200432,1803.2395019531252,1803.081909179688,0 days 11:20:45
HN桃山 (6).csv,12789.66029392475,2848.930203910918,2855.1441063629486,0 days 09:05:43
HN桃山 (7).csv,10708.313805648639,3355.48210445717,3352.828784144671,0 days 07:52:30
HN桃山 (8).csv,16394.18723395313,2385.4059016071114,2387.2255094563498,0 days 09:04:09
HN桃山 (9).csv,14575.405439882798,2282.616226859949,2277.651428543305,0 days 08:51:52
HN桃山(上).csv,5775.265254531415,1483.7186279296875,141.6729736328125,0 days 07:54:24
HN桃山.csv,13483.733130419869,2152.968764305011,2157.973295326039,0 days 10:12:11
HN桃山1.5K.csv,4432.168370036285,323.77009642310486,730.3994177291177,0 days 02:01:43
HN桃山1111008 (1).csv,7499.869350553734,1414.1263427734377,1422.2724609375002,0 days 08:06:38
HN桃山1111008.csv,7499.869350553734,1414.1263427734377,1422.2724609375002,0 days 08:06:38
HN桃山1125.csv,214148.50895048238,4721.930872143654,6535.712531654462,1 days 15:07:15
HN桃山1日單攻.csv,11357.26349432183,2531.0721306856753,2457.207657483411,0 days 08:02:05
HN桃山D1.csv,7200.213356189259,2436.824611606014,1139.847541934317,0 days 07:12:23
HN桃山一日單攻 (1).csv,17831.987799459428,1832.8007812500005,1813.200805664063,0 days 11:54:07
HN桃山一日單攻 (2).csv,10136.354419256842,2559.297538991082,1131.1445284504405,0 days 05:58:26
HN桃山一日單攻 (3).csv,12772.753258313127,11076.243041992188,11217.763305664062,0 days 11:35:37
HN桃山一日單攻 (4).csv,17587.669099752628,3133.774885261435,3131.9575468367016,0 days 11:57:25
HN桃山一日單攻 (5).csv,14563.867987661595,2035.8916515832536,2035.1218268379885,0 days 07:38:22
HN桃山一日單攻 (6).csv,11007.92630753774,1529.0253906250002,1524.6867675781252,0 days 09:30:03
HN桃山一日單攻 (7).csv,15975.275212098784,2478.7095880045163,2475.266387525415,0 days 11:26:47
HN桃山一日單攻 (8).csv,11200.97619467821,1676.0,1685.0,0 days 11:49:29
HN桃山一日單攻 (9).csv,4260.238714938534,1466.5669340000024,210.39151400000242,0 days 04:16:08.997000
HN桃山一日單攻.csv,12420.72856458715,2615.0,2643.86181640625,0 days 12:59:36
HN桃山一日單攻！.csv,14675.674467076926,7398.249197000005,7151.263661999991,0 days 09:57:08
HN桃山上吃粽子.csv,13748.381304601195,2204.831945603425,2197.9110588472786,0 days 09:46:42
HN桃山上山.csv,6739.998596513295,2572.3685207743606,1148.935448480632,0 days 04:39:56
HN桃山出大景.csv,7485.885602178064,2045.7350654387894,620.7742169201424,0 days 04:53:12
HN桃山單供20230625.csv,21063.873225812255,3120.3631205661222,3117.314432912507,0 days 11:01:01
HN桃山單攻 (1).csv,16550.5143438942,6265.378006694231,6291.419146599898,0 days 13:18:21
HN桃山單攻 (10).csv,13885.810126073195,2674.3867135373844,2763.529701105318,0 days 06:59:41
HN桃山單攻 (11).csv,15610.123437591035,2316.9898739256305,2329.2836190675953,0 days 09:16:52
HN桃山單攻 (12).csv,16803.603149477287,2834.0497709857227,2837.812735416921,0 days 11:00:26
HN桃山單攻 (13).csv,9805.465771188241,2301.0,2248.0,0 days 07:56:19
HN桃山單攻 (14).csv,11131.529931895793,4852.2576904296875,4831.0401611328125,0 days 10:28:03
HN桃山單攻 (15).csv,16725.59672468838,2611.8552328152473,2602.4424051344304,0 days 10:27:37
HN桃山單攻 (16).csv,13879.20496647799,2448.415820346221,2376.278190771125,0 days 07:46:44
HN桃山單攻 (17).csv,16778.53279483355,2617.286395746073,2606.711242349609,0 days 12:23:31
HN桃山單攻 (18).csv,14344.660945716514,2746.592649418863,2738.948757519017,0 days 12:15:29
HN桃山單攻 (19).csv,11620.181035042293,9009.420299952859,9007.835635318808,0 days 09:46:45
HN桃山單攻 (2).csv,17881.71383194906,2495.5691269895087,2497.9316158644174,0 days 10:12:56
HN桃山單攻 (20).csv,10350.1181829064,1719.2696533203132,1699.3918457031257,0 days 07:44:43
HN桃山單攻 (21).csv,18168.275856657856,2954.843901897787,3066.0114406738476,0 days 09:29:45
HN桃山單攻 (22).csv,19729.907308208014,2512.4393732705985,2654.884920794878,0 days 10:08:30
HN桃山單攻 (23).csv,13514.616710983557,1783.0024414062493,1790.1365966796868,0 days 08:15:28
HN桃山單攻 (24).csv,10811.07483698079,1998.0,1999.0,0 days 09:31:25
HN桃山單攻 (25).csv,10882.489641774197,1627.5196533203136,1624.5074462890636,0 days 11:06:49
HN桃山單攻 (26).csv,20550.775829778122,3296.384313369167,3289.9327866835456,0 days 12:44:49
HN桃山單攻 (27).csv,16617.915325309426,2850.9086587140464,2885.360343512162,0 days 12:51:57
HN桃山單攻 (28).csv,19168.21409745625,3378.3028888956396,3374.7407130545675,0 days 12:18:56
HN桃山單攻 (29).csv,10670.65805893673,2267.0,2273.0,0 days 10:38:15
HN桃山單攻 (3).csv,14270.120191484375,2876.221885396219,2881.2701981869086,0 days 11:56:09
HN桃山單攻 (30).csv,11077.821919319917,3121.0,3119.0,0 days 07:49:14
HN桃山單攻 (31).csv,13439.137227533287,2318.327622781505,2310.791082025501,0 days 08:52:59
HN桃山單攻 (32).csv,13297.23182702901,3220.0,3217.8,0 days 10:35:46
HN桃山單攻 (33).csv,13063.000813672685,1664.8000000000006,1538.8000000000006,0 days 07:15:31
HN桃山單攻 (34).csv,18154.61630184383,3211.276637688666,3209.4482806924902,0 days 11:56:25
HN桃山單攻 (35).csv,11018.541035119288,1646.7684326171866,1655.8314208984364,0 days 08:25:24
HN桃山單攻 (36).csv,13849.425380300449,4317.522822999995,4320.278635999998,0 days 11:41:25.107000
HN桃山單攻 (37).csv,14079.871020111135,2190.1887531308316,2190.461534400457,0 days 07:46:08
HN桃山單攻 (38).csv,15651.581515482401,2494.9192058602403,2501.1859182259113,0 days 08:17:56
HN桃山單攻 (39).csv,28193.566549624975,3714.9816698692794,3705.9519658284307,0 days 11:29:46
HN桃山單攻 (4).csv,18531.288989623827,2811.4760373440113,2937.5119499871953,0 days 06:18:31
HN桃山單攻 (40).csv,13828.435158557122,4572.274159382972,2679.662987809571,0 days 13:11:07
HN桃山單攻 (41).csv,14155.719539417418,6257.816134382829,6169.315670160781,0 days 10:03:17
HN桃山單攻 (42).csv,13685.589448883058,2123.8725951258098,2125.3180692289043,0 days 08:10:53
HN桃山單攻 (43).csv,11437.085372759839,2250.0,2248.0,0 days 09:54:46
HN桃山單攻 (44).csv,6194.997272269569,2193.0,819.0,0 days 05:02:32
HN桃山單攻 (45).csv,13983.076932888041,2173.117903727114,2186.7939586713997,0 days 07:53:40
HN桃山單攻 (46).csv,12956.003634832703,2383.238257000008,2385.382383000012,0 days 09:52:14
HN桃山單攻 (47).csv,11314.738639385714,2499.0,2499.0,0 days 11:17:41
HN桃山單攻 (48).csv,12576.318709838954,1500.1809999999998,1490.2109999999998,0 days 09:57:04
HN桃山單攻 (49).csv,16254.102962244582,2640.5726080000077,2636.171976000009,0 days 11:50:46
HN桃山單攻 (5).csv,24191.985804776275,5668.124441817412,5672.765498273079,0 days 13:00:55
HN桃山單攻 (50).csv,13796.635409882436,1800.0451500000001,1812.9572800000003,0 days 09:44:17
HN桃山單攻 (6).csv,24384.628075041037,2837.6325628925133,2841.616900075228,0 days 09:42:30
HN桃山單攻 (7).csv,14632.477279234196,2608.4904327942163,2603.0865913471343,0 days 10:51:24
HN桃山單攻 (8).csv,13222.960901551935,2850.5,2851.5,0 days 09:03:31
HN桃山單攻 (9).csv,18134.872425202182,3535.8670925861325,3537.8059949288217,0 days 11:30:48
HN桃山單攻 全程.csv,14463.567992015585,3475.2400887994563,3479.437621945004,0 days 12:37:53
HN桃山單攻(原路去回).csv,13989.216122515742,2125.0,2136.0,0 days 10:52:22
HN桃山單攻.csv,13729.272932708396,2311.6792329680284,2311.861141471918,0 days 08:44:49
HN桃山單攻1101104.csv,18231.27706168918,2237.7025600032603,2249.3998256282594,0 days 12:55:47
HN桃山單攻20201025.csv,13519.681391780588,2865.8999999999996,2874.399999999999,0 days 11:10:55
HN桃山單攻20210814.csv,17494.829438762517,4694.730883252368,4586.462586518388,0 days 10:20:45
HN桃山單攻20241208.csv,13055.573443507188,2621.328108184046,2631.0760190235505,0 days 08:15:45
HN桃山單攻230610.csv,15541.535641241566,3535.793073571368,3552.17620637377,0 days 08:45:49
HN桃山單攻一日遊.csv,15792.918688545666,6286.486543742449,6295.786543483284,0 days 10:12:50
HN桃山單攻武陵山莊出發.csv,12451.798844753619,3507.0515829999968,3533.664825,0 days 08:15:05
HN桃山單登.csv,12487.692276752352,1580.18860022943,2166.81660149645,0 days 07:18:51
HN桃山往返.csv,17381.301560981516,3483.9993841191817,3469.413901114838,0 days 10:01:09
HN桃山快樂腳.csv,13011.9485698163,1677.5847167968755,1676.7226562500005,0 days 07:09:09
HN桃山慢速單攻.csv,17670.572804897478,4099.828509590463,4095.9774142755323,0 days 08:58:57
HN桃山步道 (1).csv,18023.235656810477,3610.3934905463893,3595.8376792315457,0 days 11:40:56
HN桃山步道 (2).csv,3264.6030092947285,1250.244873046875,1303.0771484374998,0 days 01:59:03
HN桃山步道.csv,14338.551265763674,2607.075947560331,2689.870877878863,0 days 10:12:09
HN桃山肉腳單.csv,8140.977256410835,1817.4858508323807,1820.9281115745682,0 days 09:35:47
HN桃山處女團.csv,14904.436107294297,2808.5577339828196,2805.2720644949213,0 days 12:05:22
HN桃山陡上之旅.csv,21431.74641706002,3472.218236966978,3467.470575528209,0 days 11:42:36
HN桃山雪季單攻.csv,15045.84667403161,3309.769584960417,3316.898942217349,0 days 13:13:18
HN桃山（單攻）.csv,12412.924880973265,4547.805533109044,4323.780761417362,0 days 09:14:29
HN武陵山莊+桃山登山山徑來回.csv,15068.019628281305,2850.4518935119977,2780.77616452875,0 days 10:48:44
HN武陵桃山 (1).csv,16071.60374735805,4437.7377557004875,4439.79787968146,0 days 13:32:31
HN武陵桃山 (2).csv,18787.030216732754,3064.705965999999,2969.479656999997,0 days 11:47:09
HN武陵桃山.csv,1625.289786481442,186.17672840971704,256.55294256843786,0 days 11:17:06
HN浪花桃山.csv,16152.774995529913,6060.0,6066.0,0 days 14:23:43
HN米羅神殿上桃山.csv,23997.67700524553,3511.26953125,3052.89453125,4 days 23:09:46
HN馬偕寶寶桃山單攻.csv,12915.986327561483,5465.9345703125,5481.751220703125,0 days 12:11:21
